{"uuid": "08848305-86b1-40c5-9394-e8457e04330e", "counter": 11, "stdout": "\u001b[0;32mok: [localhost]\u001b[0m", "start_line": 7, "end_line": 8, "runner_ident": "599eb44c-eabc-4272-ae09-436a0bcc4959", "event": "runner_on_ok", "pid": 61707, "created": "2024-03-24T23:01:05.316771", "parent_uuid": "000d3af6-48f8-976f-e907-000000000007", "event_data": {"playbook": "ping.yml", "playbook_uuid": "d51fc802-85cf-4441-a85c-b43250934508", "play": "Ping all hosts", "play_uuid": "000d3af6-48f8-976f-e907-000000000005", "play_pattern": "all", "task": "Test connectivity with ping", "task_uuid": "000d3af6-48f8-976f-e907-000000000007", "task_action": "ping", "resolved_action": "ansible.builtin.ping", "task_args": "", "task_path": "/workspaces/ensf400-lab5-ansible/ping.yml:7", "host": "localhost", "remote_addr": "localhost", "res": {"ping": "pong", "invocation": {"module_args": {"data": "pong"}}, "ansible_facts": {"discovered_interpreter_python": "/usr/bin/python3"}, "_ansible_no_log": false, "changed": false}, "start": "2024-03-24T23:01:04.369051", "end": "2024-03-24T23:01:05.316643", "duration": 0.947592, "event_loop": null, "uuid": "08848305-86b1-40c5-9394-e8457e04330e"}}