{"uuid": "c9db33a1-ec38-4225-8190-b18157d8621b", "counter": 13, "stdout": "\r\nPLAY RECAP *********************************************************************\r\n\u001b[0;32mlocalhost\u001b[0m                  : \u001b[0;32mok=1   \u001b[0m changed=0    unreachable=0    failed=0    skipped=0    rescued=0    ignored=0   \r\n\u001b[0;32mmanagedhost-app-1\u001b[0m          : \u001b[0;32mok=1   \u001b[0m changed=0    unreachable=0    failed=0    skipped=0    rescued=0    ignored=0   \r\n\u001b[0;32mmanagedhost-app-2\u001b[0m          : \u001b[0;32mok=1   \u001b[0m changed=0    unreachable=0    failed=0    skipped=0    rescued=0    ignored=0   \r\n\u001b[0;32mmanagedhost-app-3\u001b[0m          : \u001b[0;32mok=1   \u001b[0m changed=0    unreachable=0    failed=0    skipped=0    rescued=0    ignored=0   ", "start_line": 9, "end_line": 16, "runner_ident": "599eb44c-eabc-4272-ae09-436a0bcc4959", "event": "playbook_on_stats", "pid": 61707, "created": "2024-03-24T23:01:05.344496", "parent_uuid": "d51fc802-85cf-4441-a85c-b43250934508", "event_data": {"playbook": "ping.yml", "playbook_uuid": "d51fc802-85cf-4441-a85c-b43250934508", "changed": {}, "dark": {}, "failures": {}, "ignored": {}, "ok": {"managedhost-app-1": 1, "managedhost-app-3": 1, "localhost": 1, "managedhost-app-2": 1}, "processed": {"managedhost-app-1": 1, "managedhost-app-3": 1, "localhost": 1, "managedhost-app-2": 1}, "rescued": {}, "skipped": {}, "artifact_data": {}, "uuid": "c9db33a1-ec38-4225-8190-b18157d8621b"}}