{"uuid": "000d3af6-48f8-976f-e907-000000000005", "counter": 3, "stdout": "\r\nPLAY [Ping all hosts] **********************************************************", "start_line": 1, "end_line": 3, "runner_ident": "599eb44c-eabc-4272-ae09-436a0bcc4959", "event": "playbook_on_play_start", "pid": 61707, "created": "2024-03-24T23:01:04.293364", "parent_uuid": "d51fc802-85cf-4441-a85c-b43250934508", "event_data": {"playbook": "ping.yml", "playbook_uuid": "d51fc802-85cf-4441-a85c-b43250934508", "play": "Ping all hosts", "play_uuid": "000d3af6-48f8-976f-e907-000000000005", "play_pattern": "all", "name": "Ping all hosts", "pattern": "all", "uuid": "000d3af6-48f8-976f-e907-000000000005"}}