{"uuid": "000d3af6-48f8-976f-e907-000000000007", "counter": 4, "stdout": "\r\nTASK [Test connectivity with ping] *********************************************", "start_line": 3, "end_line": 5, "runner_ident": "599eb44c-eabc-4272-ae09-436a0bcc4959", "event": "playbook_on_task_start", "pid": 61707, "created": "2024-03-24T23:01:04.310018", "parent_uuid": "000d3af6-48f8-976f-e907-000000000005", "event_data": {"playbook": "ping.yml", "playbook_uuid": "d51fc802-85cf-4441-a85c-b43250934508", "play": "Ping all hosts", "play_uuid": "000d3af6-48f8-976f-e907-000000000005", "play_pattern": "all", "task": "Test connectivity with ping", "task_uuid": "000d3af6-48f8-976f-e907-000000000007", "task_action": "ping", "resolved_action": "ansible.builtin.ping", "task_args": "", "task_path": "/workspaces/ensf400-lab5-ansible/ping.yml:7", "name": "Test connectivity with ping", "is_conditional": false, "uuid": "000d3af6-48f8-976f-e907-000000000007"}}