{"uuid": "60d936fa-f152-4b64-bf38-e24d77f2cc6b", "counter": 7, "stdout": "", "start_line": 5, "end_line": 5, "runner_ident": "599eb44c-eabc-4272-ae09-436a0bcc4959", "event": "runner_on_start", "pid": 61707, "created": "2024-03-24T23:01:04.343498", "parent_uuid": "000d3af6-48f8-976f-e907-000000000007", "event_data": {"playbook": "ping.yml", "playbook_uuid": "d51fc802-85cf-4441-a85c-b43250934508", "play": "Ping all hosts", "play_uuid": "000d3af6-48f8-976f-e907-000000000005", "play_pattern": "all", "task": "Test connectivity with ping", "task_uuid": "000d3af6-48f8-976f-e907-000000000007", "task_action": "ping", "resolved_action": "ansible.builtin.ping", "task_args": "", "task_path": "/workspaces/ensf400-lab5-ansible/ping.yml:7", "host": "managedhost-app-3", "uuid": "60d936fa-f152-4b64-bf38-e24d77f2cc6b"}}