{"uuid": "d5bb80fd-e3a5-486f-92a6-29e14b50f23a", "counter": 9, "stdout": "\u001b[0;32mok: [managedhost-app-1]\u001b[0m", "start_line": 5, "end_line": 6, "runner_ident": "599eb44c-eabc-4272-ae09-436a0bcc4959", "event": "runner_on_ok", "pid": 61707, "created": "2024-03-24T23:01:05.267108", "parent_uuid": "000d3af6-48f8-976f-e907-000000000007", "event_data": {"playbook": "ping.yml", "playbook_uuid": "d51fc802-85cf-4441-a85c-b43250934508", "play": "Ping all hosts", "play_uuid": "000d3af6-48f8-976f-e907-000000000005", "play_pattern": "all", "task": "Test connectivity with ping", "task_uuid": "000d3af6-48f8-976f-e907-000000000007", "task_action": "ping", "resolved_action": "ansible.builtin.ping", "task_args": "", "task_path": "/workspaces/ensf400-lab5-ansible/ping.yml:7", "host": "managedhost-app-1", "remote_addr": "managedhost-app-1", "res": {"invocation": {"module_args": {"data": "pong"}}, "ping": "pong", "ansible_facts": {"discovered_interpreter_python": "/usr/bin/python2.7"}, "warnings": ["Platform linux on host managedhost-app-1 is using the discovered Python interpreter at /usr/bin/python2.7, but future installation of another Python interpreter could change the meaning of that path. See https://docs.ansible.com/ansible-core/2.16/reference_appendices/interpreter_discovery.html for more information."], "_ansible_no_log": false, "changed": false}, "start": "2024-03-24T23:01:04.311368", "end": "2024-03-24T23:01:05.266231", "duration": 0.954863, "event_loop": null, "uuid": "d5bb80fd-e3a5-486f-92a6-29e14b50f23a"}}