{"uuid": "f6fadac1-09d3-4e29-a2dd-06852151f849", "counter": 100, "stdout": "", "start_line": 75, "end_line": 75, "runner_ident": "55e6eeb7-ddff-485a-a95f-40a8c7faea57", "event": "runner_on_start", "pid": 80704, "created": "2024-03-24T23:39:19.845381", "parent_uuid": "000d3af6-48f8-9e68-88d8-000000000015", "event_data": {"playbook": "hello.yml", "playbook_uuid": "881d5cb9-353b-47b0-937c-38acfb74da39", "play": "Install and configure Nginx as a load balancer", "play_uuid": "000d3af6-48f8-9e68-88d8-000000000012", "play_pattern": "localhost", "task": "Remove default Nginx configuration", "task_uuid": "000d3af6-48f8-9e68-88d8-000000000015", "task_action": "file", "resolved_action": "ansible.builtin.file", "task_args": "", "task_path": "/workspaces/ensf400-lab5-ansible/hello.yml:72", "host": "localhost", "uuid": "f6fadac1-09d3-4e29-a2dd-06852151f849"}}