{"uuid": "61f1baf4-080f-474c-98de-e961f55c70e8", "counter": 101, "stdout": "\u001b[0;32mok: [localhost]\u001b[0m", "start_line": 75, "end_line": 76, "runner_ident": "55e6eeb7-ddff-485a-a95f-40a8c7faea57", "event": "runner_on_ok", "pid": 80704, "created": "2024-03-24T23:39:20.010196", "parent_uuid": "000d3af6-48f8-9e68-88d8-000000000015", "event_data": {"playbook": "hello.yml", "playbook_uuid": "881d5cb9-353b-47b0-937c-38acfb74da39", "play": "Install and configure Nginx as a load balancer", "play_uuid": "000d3af6-48f8-9e68-88d8-000000000012", "play_pattern": "localhost", "task": "Remove default Nginx configuration", "task_uuid": "000d3af6-48f8-9e68-88d8-000000000015", "task_action": "file", "resolved_action": "ansible.builtin.file", "task_args": "", "task_path": "/workspaces/ensf400-lab5-ansible/hello.yml:72", "host": "localhost", "remote_addr": "localhost", "res": {"path": "/etc/nginx/sites-enabled/default", "changed": false, "state": "absent", "invocation": {"module_args": {"path": "/etc/nginx/sites-enabled/default", "state": "absent", "recurse": false, "force": false, "follow": true, "modification_time_format": "%Y%m%d%H%M.%S", "access_time_format": "%Y%m%d%H%M.%S", "unsafe_writes": false, "_original_basename": null, "_diff_peek": null, "src": null, "modification_time": null, "access_time": null, "mode": null, "owner": null, "group": null, "seuser": null, "serole": null, "selevel": null, "setype": null, "attributes": null}}, "_ansible_no_log": false}, "start": "2024-03-24T23:39:19.845305", "end": "2024-03-24T23:39:20.009956", "duration": 0.164651, "event_loop": null, "uuid": "61f1baf4-080f-474c-98de-e961f55c70e8"}}