{"uuid": "76220f71-b351-4c3d-86a6-2fa7714372d1", "counter": 103, "stdout": "", "start_line": 78, "end_line": 78, "runner_ident": "55e6eeb7-ddff-485a-a95f-40a8c7faea57", "event": "runner_on_start", "pid": 80704, "created": "2024-03-24T23:39:20.020940", "parent_uuid": "000d3af6-48f8-9e68-88d8-000000000016", "event_data": {"playbook": "hello.yml", "playbook_uuid": "881d5cb9-353b-47b0-937c-38acfb74da39", "play": "Install and configure Nginx as a load balancer", "play_uuid": "000d3af6-48f8-9e68-88d8-000000000012", "play_pattern": "localhost", "task": "Copy custom Nginx configuration for load balancing", "task_uuid": "000d3af6-48f8-9e68-88d8-000000000016", "task_action": "copy", "resolved_action": "ansible.builtin.copy", "task_args": "", "task_path": "/workspaces/ensf400-lab5-ansible/hello.yml:77", "host": "localhost", "uuid": "76220f71-b351-4c3d-86a6-2fa7714372d1"}}