{"uuid": "46181e52-3987-4a3b-9836-a7c90a54fb02", "counter": 104, "stdout": "\u001b[0;32mok: [localhost]\u001b[0m", "start_line": 78, "end_line": 79, "runner_ident": "55e6eeb7-ddff-485a-a95f-40a8c7faea57", "event": "runner_on_ok", "pid": 80704, "created": "2024-03-24T23:39:20.325207", "parent_uuid": "000d3af6-48f8-9e68-88d8-000000000016", "event_data": {"playbook": "hello.yml", "playbook_uuid": "881d5cb9-353b-47b0-937c-38acfb74da39", "play": "Install and configure Nginx as a load balancer", "play_uuid": "000d3af6-48f8-9e68-88d8-000000000012", "play_pattern": "localhost", "task": "Copy custom Nginx configuration for load balancing", "task_uuid": "000d3af6-48f8-9e68-88d8-000000000016", "task_action": "copy", "resolved_action": "ansible.builtin.copy", "task_args": "", "task_path": "/workspaces/ensf400-lab5-ansible/hello.yml:77", "host": "localhost", "remote_addr": "localhost", "res": {"diff": {"before": {"path": "/etc/nginx/nginx.conf"}, "after": {"path": "/etc/nginx/nginx.conf"}}, "path": "/etc/nginx/nginx.conf", "changed": false, "uid": 0, "gid": 0, "owner": "root", "group": "root", "mode": "0644", "state": "file", "size": 282, "invocation": {"module_args": {"dest": "/etc/nginx/nginx.conf", "_original_basename": "nginx.conf", "recurse": false, "state": "file", "path": "/etc/nginx/nginx.conf", "force": false, "follow": true, "modification_time_format": "%Y%m%d%H%M.%S", "access_time_format": "%Y%m%d%H%M.%S", "unsafe_writes": false, "_diff_peek": null, "src": null, "modification_time": null, "access_time": null, "mode": null, "owner": null, "group": null, "seuser": null, "serole": null, "selevel": null, "setype": null, "attributes": null}}, "checksum": "45e90c53bfd701a6448ba658aee923d19de1e14d", "dest": "/etc/nginx/nginx.conf", "_ansible_no_log": false}, "start": "2024-03-24T23:39:20.020848", "end": "2024-03-24T23:39:20.324962", "duration": 0.304114, "event_loop": null, "uuid": "46181e52-3987-4a3b-9836-a7c90a54fb02"}}