{"uuid": "3f2868c5-1c24-4b77-829a-0721b11b4be2", "counter": 107, "stdout": "\u001b[0;33mchanged: [localhost]\u001b[0m", "start_line": 81, "end_line": 82, "runner_ident": "55e6eeb7-ddff-485a-a95f-40a8c7faea57", "event": "runner_on_ok", "pid": 80704, "created": "2024-03-24T23:39:21.763697", "parent_uuid": "000d3af6-48f8-9e68-88d8-000000000017", "event_data": {"playbook": "hello.yml", "playbook_uuid": "881d5cb9-353b-47b0-937c-38acfb74da39", "play": "Install and configure Nginx as a load balancer", "play_uuid": "000d3af6-48f8-9e68-88d8-000000000012", "play_pattern": "localhost", "task": "Restart Nginx to apply new configuration", "task_uuid": "000d3af6-48f8-9e68-88d8-000000000017", "task_action": "service", "resolved_action": "ansible.builtin.service", "task_args": "", "task_path": "/workspaces/ensf400-lab5-ansible/hello.yml:82", "host": "localhost", "remote_addr": "localhost", "res": {"name": "nginx", "state": "started", "changed": true, "invocation": {"module_args": {"name": "nginx", "state": "restarted", "runlevel": "default", "arguments": "", "sleep": null, "pattern": null, "enabled": null}}, "_ansible_no_log": false}, "start": "2024-03-24T23:39:20.336789", "end": "2024-03-24T23:39:21.763479", "duration": 1.42669, "event_loop": null, "uuid": "3f2868c5-1c24-4b77-829a-0721b11b4be2"}}