{"uuid": "a6f3287f-5ecc-466f-abdf-bc1ee1b1d9b3", "counter": 108, "stdout": "\r\nPLAY RECAP *********************************************************************\r\n\u001b[0;33mlocalhost\u001b[0m                  : \u001b[0;32mok=7   \u001b[0m \u001b[0;33mchanged=1   \u001b[0m unreachable=0    failed=0    skipped=0    rescued=0    ignored=0   \r\n\u001b[0;32mmanagedhost-app-1\u001b[0m          : \u001b[0;32mok=10  \u001b[0m changed=0    unreachable=0    failed=0    \u001b[0;36mskipped=1   \u001b[0m rescued=0    ignored=0   \r\n\u001b[0;32mmanagedhost-app-2\u001b[0m          : \u001b[0;32mok=10  \u001b[0m changed=0    unreachable=0    failed=0    \u001b[0;36mskipped=1   \u001b[0m rescued=0    ignored=0   \r\n\u001b[0;32mmanagedhost-app-3\u001b[0m          : \u001b[0;32mok=10  \u001b[0m changed=0    unreachable=0    failed=0    \u001b[0;36mskipped=1   \u001b[0m rescued=0    ignored=0   ", "start_line": 82, "end_line": 89, "runner_ident": "55e6eeb7-ddff-485a-a95f-40a8c7faea57", "event": "playbook_on_stats", "pid": 80704, "created": "2024-03-24T23:39:21.785718", "parent_uuid": "881d5cb9-353b-47b0-937c-38acfb74da39", "event_data": {"playbook": "hello.yml", "playbook_uuid": "881d5cb9-353b-47b0-937c-38acfb74da39", "changed": {"localhost": 1}, "dark": {}, "failures": {}, "ignored": {}, "ok": {"localhost": 7, "managedhost-app-2": 10, "managedhost-app-3": 10, "managedhost-app-1": 10}, "processed": {"localhost": 1, "managedhost-app-2": 1, "managedhost-app-3": 1, "managedhost-app-1": 1}, "rescued": {}, "skipped": {"managedhost-app-1": 1, "managedhost-app-2": 1, "managedhost-app-3": 1}, "artifact_data": {}, "uuid": "a6f3287f-5ecc-466f-abdf-bc1ee1b1d9b3"}}