{"uuid": "000d3af6-48f8-9e68-88d8-000000000007", "counter": 13, "stdout": "\r\nTASK [all host are identified with a file] *************************************", "start_line": 9, "end_line": 11, "runner_ident": "55e6eeb7-ddff-485a-a95f-40a8c7faea57", "event": "playbook_on_task_start", "pid": 80704, "created": "2024-03-24T23:38:36.038500", "parent_uuid": "000d3af6-48f8-9e68-88d8-000000000005", "event_data": {"playbook": "hello.yml", "playbook_uuid": "881d5cb9-353b-47b0-937c-38acfb74da39", "play": "Play - Handle Files in all hosts", "play_uuid": "000d3af6-48f8-9e68-88d8-000000000005", "play_pattern": "all", "task": "all host are identified with a file", "task_uuid": "000d3af6-48f8-9e68-88d8-000000000007", "task_action": "copy", "resolved_action": "ansible.builtin.copy", "task_args": "", "task_path": "/workspaces/ensf400-lab5-ansible/hello.yml:6", "name": "all host are identified with a file", "is_conditional": false, "uuid": "000d3af6-48f8-9e68-88d8-000000000007"}}