{"uuid": "76decefe-b7d3-4494-b0b2-2557dd21dd33", "counter": 15, "stdout": "", "start_line": 11, "end_line": 11, "runner_ident": "55e6eeb7-ddff-485a-a95f-40a8c7faea57", "event": "runner_on_start", "pid": 80704, "created": "2024-03-24T23:38:36.054314", "parent_uuid": "000d3af6-48f8-9e68-88d8-000000000007", "event_data": {"playbook": "hello.yml", "playbook_uuid": "881d5cb9-353b-47b0-937c-38acfb74da39", "play": "Play - Handle Files in all hosts", "play_uuid": "000d3af6-48f8-9e68-88d8-000000000005", "play_pattern": "all", "task": "all host are identified with a file", "task_uuid": "000d3af6-48f8-9e68-88d8-000000000007", "task_action": "copy", "resolved_action": "ansible.builtin.copy", "task_args": "", "task_path": "/workspaces/ensf400-lab5-ansible/hello.yml:6", "host": "managedhost-app-2", "uuid": "76decefe-b7d3-4494-b0b2-2557dd21dd33"}}