{"uuid": "6941d520-4b6e-4d42-89a2-9aa5990e6b36", "counter": 18, "stdout": "\u001b[0;32mok: [localhost]\u001b[0m", "start_line": 11, "end_line": 12, "runner_ident": "55e6eeb7-ddff-485a-a95f-40a8c7faea57", "event": "runner_on_ok", "pid": 80704, "created": "2024-03-24T23:38:37.108243", "parent_uuid": "000d3af6-48f8-9e68-88d8-000000000007", "event_data": {"playbook": "hello.yml", "playbook_uuid": "881d5cb9-353b-47b0-937c-38acfb74da39", "play": "Play - Handle Files in all hosts", "play_uuid": "000d3af6-48f8-9e68-88d8-000000000005", "play_pattern": "all", "task": "all host are identified with a file", "task_uuid": "000d3af6-48f8-9e68-88d8-000000000007", "task_action": "copy", "resolved_action": "ansible.builtin.copy", "task_args": "", "task_path": "/workspaces/ensf400-lab5-ansible/hello.yml:6", "host": "localhost", "remote_addr": "localhost", "res": {"diff": {"before": {"path": "/tmp/family.txt"}, "after": {"path": "/tmp/family.txt"}}, "path": "/tmp/family.txt", "changed": false, "uid": 1000, "gid": 1000, "owner": "codespace", "group": "codespace", "mode": "0644", "state": "file", "size": 19, "invocation": {"module_args": {"mode": "0644", "dest": "/tmp/family.txt", "_original_basename": "tmpgs9vyx0n", "recurse": false, "state": "file", "path": "/tmp/family.txt", "force": false, "follow": true, "modification_time_format": "%Y%m%d%H%M.%S", "access_time_format": "%Y%m%d%H%M.%S", "unsafe_writes": false, "_diff_peek": null, "src": null, "modification_time": null, "access_time": null, "owner": null, "group": null, "seuser": null, "serole": null, "selevel": null, "setype": null, "attributes": null}}, "checksum": "ea1d700a72b2c7270d69514e560e017681f97dd3", "dest": "/tmp/family.txt", "_ansible_no_log": false}, "start": "2024-03-24T23:38:36.095034", "end": "2024-03-24T23:38:37.108024", "duration": 1.01299, "event_loop": null, "uuid": "6941d520-4b6e-4d42-89a2-9aa5990e6b36"}}