{"uuid": "e5db33c5-c7a9-4381-acf6-928b02dc3f75", "counter": 19, "stdout": "\u001b[0;32mok: [managedhost-app-3]\u001b[0m", "start_line": 12, "end_line": 13, "runner_ident": "55e6eeb7-ddff-485a-a95f-40a8c7faea57", "event": "runner_on_ok", "pid": 80704, "created": "2024-03-24T23:38:37.189015", "parent_uuid": "000d3af6-48f8-9e68-88d8-000000000007", "event_data": {"playbook": "hello.yml", "playbook_uuid": "881d5cb9-353b-47b0-937c-38acfb74da39", "play": "Play - Handle Files in all hosts", "play_uuid": "000d3af6-48f8-9e68-88d8-000000000005", "play_pattern": "all", "task": "all host are identified with a file", "task_uuid": "000d3af6-48f8-9e68-88d8-000000000007", "task_action": "copy", "resolved_action": "ansible.builtin.copy", "task_args": "", "task_path": "/workspaces/ensf400-lab5-ansible/hello.yml:6", "host": "managedhost-app-3", "remote_addr": "managedhost-app-3", "res": {"diff": {"after": {"path": "/tmp/family.txt"}, "before": {"path": "/tmp/family.txt"}}, "group": "root", "uid": 0, "changed": false, "invocation": {"module_args": {"force": false, "_original_basename": "tmpgwt10k0w", "owner": null, "follow": true, "group": null, "unsafe_writes": false, "setype": null, "serole": null, "access_time": null, "state": "file", "dest": "/tmp/family.txt", "selevel": null, "access_time_format": "%Y%m%d%H%M.%S", "modification_time": null, "path": "/tmp/family.txt", "src": null, "seuser": null, "recurse": false, "_diff_peek": null, "mode": "0644", "modification_time_format": "%Y%m%d%H%M.%S", "attributes": null}}, "state": "file", "gid": 0, "mode": "0644", "owner": "root", "path": "/tmp/family.txt", "size": 19, "checksum": "c7083a5560242f37bbd438a113f2a4496ddfdc4d", "dest": "/tmp/family.txt", "_ansible_no_log": false}, "start": "2024-03-24T23:38:36.068562", "end": "2024-03-24T23:38:37.188867", "duration": 1.120305, "event_loop": null, "uuid": "e5db33c5-c7a9-4381-acf6-928b02dc3f75"}}