{"uuid": "000d3af6-48f8-9e68-88d8-000000000008", "counter": 22, "stdout": "\r\nPLAY [Play - for Alpine's Nodejs app] ******************************************", "start_line": 15, "end_line": 17, "runner_ident": "55e6eeb7-ddff-485a-a95f-40a8c7faea57", "event": "playbook_on_play_start", "pid": 80704, "created": "2024-03-24T23:38:37.303768", "parent_uuid": "881d5cb9-353b-47b0-937c-38acfb74da39", "event_data": {"playbook": "hello.yml", "playbook_uuid": "881d5cb9-353b-47b0-937c-38acfb74da39", "play": "Play - for Alpine's Nodejs app", "play_uuid": "000d3af6-48f8-9e68-88d8-000000000008", "play_pattern": "app_group", "name": "Play - for Alpine's Nodejs app", "pattern": "app_group", "uuid": "000d3af6-48f8-9e68-88d8-000000000008"}}