{"uuid": "1e1391df-c527-4a65-98d3-82a158375fca", "counter": 25, "stdout": "", "start_line": 19, "end_line": 19, "runner_ident": "55e6eeb7-ddff-485a-a95f-40a8c7faea57", "event": "runner_on_start", "pid": 80704, "created": "2024-03-24T23:38:37.325128", "parent_uuid": "000d3af6-48f8-9e68-88d8-00000000003c", "event_data": {"playbook": "hello.yml", "playbook_uuid": "881d5cb9-353b-47b0-937c-38acfb74da39", "play": "Play - for Alpine's Nodejs app", "play_uuid": "000d3af6-48f8-9e68-88d8-000000000008", "play_pattern": "app_group", "task": "Gathering Facts", "task_uuid": "000d3af6-48f8-9e68-88d8-00000000003c", "task_action": "gather_facts", "resolved_action": "ansible.builtin.gather_facts", "task_args": "", "task_path": "/workspaces/ensf400-lab5-ansible/hello.yml:13", "host": "managedhost-app-2", "uuid": "1e1391df-c527-4a65-98d3-82a158375fca"}}