{"uuid": "000d3af6-48f8-9e68-88d8-000000000005", "counter": 3, "stdout": "\r\nPLAY [Play - Handle Files in all hosts] ****************************************", "start_line": 1, "end_line": 3, "runner_ident": "55e6eeb7-ddff-485a-a95f-40a8c7faea57", "event": "playbook_on_play_start", "pid": 80704, "created": "2024-03-24T23:38:22.804850", "parent_uuid": "881d5cb9-353b-47b0-937c-38acfb74da39", "event_data": {"playbook": "hello.yml", "playbook_uuid": "881d5cb9-353b-47b0-937c-38acfb74da39", "play": "Play - Handle Files in all hosts", "play_uuid": "000d3af6-48f8-9e68-88d8-000000000005", "play_pattern": "all", "name": "Play - Handle Files in all hosts", "pattern": "all", "uuid": "000d3af6-48f8-9e68-88d8-000000000005"}}