{"uuid": "000d3af6-48f8-9e68-88d8-00000000000a", "counter": 30, "stdout": "\r\nTASK [NodeJs is installed] *****************************************************", "start_line": 22, "end_line": 24, "runner_ident": "55e6eeb7-ddff-485a-a95f-40a8c7faea57", "event": "playbook_on_task_start", "pid": 80704, "created": "2024-03-24T23:38:49.299149", "parent_uuid": "000d3af6-48f8-9e68-88d8-000000000008", "event_data": {"playbook": "hello.yml", "playbook_uuid": "881d5cb9-353b-47b0-937c-38acfb74da39", "play": "Play - for Alpine's Nodejs app", "play_uuid": "000d3af6-48f8-9e68-88d8-000000000008", "play_pattern": "app_group", "task": "NodeJs is installed", "task_uuid": "000d3af6-48f8-9e68-88d8-00000000000a", "task_action": "apk", "resolved_action": "community.general.apk", "task_args": "", "task_path": "/workspaces/ensf400-lab5-ansible/hello.yml:16", "name": "NodeJs is installed", "is_conditional": false, "uuid": "000d3af6-48f8-9e68-88d8-00000000000a"}}