{"uuid": "f4693029-f1cc-43e0-b3a2-b829d895655a", "counter": 31, "stdout": "", "start_line": 24, "end_line": 24, "runner_ident": "55e6eeb7-ddff-485a-a95f-40a8c7faea57", "event": "runner_on_start", "pid": 80704, "created": "2024-03-24T23:38:49.300810", "parent_uuid": "000d3af6-48f8-9e68-88d8-00000000000a", "event_data": {"playbook": "hello.yml", "playbook_uuid": "881d5cb9-353b-47b0-937c-38acfb74da39", "play": "Play - for Alpine's Nodejs app", "play_uuid": "000d3af6-48f8-9e68-88d8-000000000008", "play_pattern": "app_group", "task": "NodeJs is installed", "task_uuid": "000d3af6-48f8-9e68-88d8-00000000000a", "task_action": "apk", "resolved_action": "community.general.apk", "task_args": "", "task_path": "/workspaces/ensf400-lab5-ansible/hello.yml:16", "host": "managedhost-app-1", "uuid": "f4693029-f1cc-43e0-b3a2-b829d895655a"}}