{"uuid": "8dbed237-3f99-4c9d-8d6b-58fdd9cb0c5b", "counter": 37, "stdout": "\u001b[0;32mok: [managedhost-app-3] => (item=nodejs-npm)\u001b[0m", "start_line": 27, "end_line": 28, "runner_ident": "55e6eeb7-ddff-485a-a95f-40a8c7faea57", "event": "runner_item_on_ok", "pid": 80704, "created": "2024-03-24T23:38:57.582988", "parent_uuid": "000d3af6-48f8-9e68-88d8-00000000000a", "event_data": {"playbook": "hello.yml", "playbook_uuid": "881d5cb9-353b-47b0-937c-38acfb74da39", "play": "Play - for Alpine's Nodejs app", "play_uuid": "000d3af6-48f8-9e68-88d8-000000000008", "play_pattern": "app_group", "task": "NodeJs is installed", "task_uuid": "000d3af6-48f8-9e68-88d8-00000000000a", "task_action": "apk", "resolved_action": "community.general.apk", "task_args": "", "task_path": "/workspaces/ensf400-lab5-ansible/hello.yml:16", "host": "managedhost-app-3", "res": {"msg": "package(s) already installed", "invocation": {"module_args": {"available": false, "upgrade": false, "name": ["nodejs-npm"], "repository": null, "state": "latest", "update_cache": true, "no_cache": false, "world": "/etc/apk/world"}}, "changed": false, "_ansible_no_log": false, "item": "nodejs-npm", "ansible_loop_var": "item", "_ansible_item_label": "nodejs-npm"}, "uuid": "8dbed237-3f99-4c9d-8d6b-58fdd9cb0c5b"}}