{"uuid": "000d3af6-48f8-9e68-88d8-00000000001b", "counter": 4, "stdout": "\r\nTASK [Gathering Facts] *********************************************************", "start_line": 3, "end_line": 5, "runner_ident": "55e6eeb7-ddff-485a-a95f-40a8c7faea57", "event": "playbook_on_task_start", "pid": 80704, "created": "2024-03-24T23:38:22.812888", "parent_uuid": "000d3af6-48f8-9e68-88d8-000000000005", "event_data": {"playbook": "hello.yml", "playbook_uuid": "881d5cb9-353b-47b0-937c-38acfb74da39", "play": "Play - Handle Files in all hosts", "play_uuid": "000d3af6-48f8-9e68-88d8-000000000005", "play_pattern": "all", "task": "Gathering Facts", "task_uuid": "000d3af6-48f8-9e68-88d8-00000000001b", "task_action": "gather_facts", "resolved_action": "ansible.builtin.gather_facts", "task_args": "", "task_path": "/workspaces/ensf400-lab5-ansible/hello.yml:3", "name": "Gathering Facts", "is_conditional": false, "uuid": "000d3af6-48f8-9e68-88d8-00000000001b"}}