{"uuid": "000d3af6-48f8-9e68-88d8-00000000000b", "counter": 43, "stdout": "\r\nTASK [app directory is created] ************************************************", "start_line": 30, "end_line": 32, "runner_ident": "55e6eeb7-ddff-485a-a95f-40a8c7faea57", "event": "playbook_on_task_start", "pid": 80704, "created": "2024-03-24T23:38:57.820079", "parent_uuid": "000d3af6-48f8-9e68-88d8-000000000008", "event_data": {"playbook": "hello.yml", "playbook_uuid": "881d5cb9-353b-47b0-937c-38acfb74da39", "play": "Play - for Alpine's Nodejs app", "play_uuid": "000d3af6-48f8-9e68-88d8-000000000008", "play_pattern": "app_group", "task": "app directory is created", "task_uuid": "000d3af6-48f8-9e68-88d8-00000000000b", "task_action": "file", "resolved_action": "ansible.builtin.file", "task_args": "", "task_path": "/workspaces/ensf400-lab5-ansible/hello.yml:25", "name": "app directory is created", "is_conditional": false, "uuid": "000d3af6-48f8-9e68-88d8-00000000000b"}}