{"uuid": "070c1259-135d-45c7-851b-5cecc9d09b79", "counter": 47, "stdout": "\u001b[0;32mok: [managedhost-app-3]\u001b[0m", "start_line": 32, "end_line": 33, "runner_ident": "55e6eeb7-ddff-485a-a95f-40a8c7faea57", "event": "runner_on_ok", "pid": 80704, "created": "2024-03-24T23:38:58.223602", "parent_uuid": "000d3af6-48f8-9e68-88d8-00000000000b", "event_data": {"playbook": "hello.yml", "playbook_uuid": "881d5cb9-353b-47b0-937c-38acfb74da39", "play": "Play - for Alpine's Nodejs app", "play_uuid": "000d3af6-48f8-9e68-88d8-000000000008", "play_pattern": "app_group", "task": "app directory is created", "task_uuid": "000d3af6-48f8-9e68-88d8-00000000000b", "task_action": "file", "resolved_action": "ansible.builtin.file", "task_args": "", "task_path": "/workspaces/ensf400-lab5-ansible/hello.yml:25", "host": "managedhost-app-3", "remote_addr": "managedhost-app-3", "res": {"group": "root", "uid": 0, "changed": false, "invocation": {"module_args": {"src": null, "serole": null, "force": false, "modification_time": null, "unsafe_writes": false, "selevel": null, "seuser": null, "recurse": false, "state": "directory", "access_time_format": "%Y%m%d%H%M.%S", "_original_basename": null, "setype": null, "follow": true, "_diff_peek": null, "modification_time_format": "%Y%m%d%H%M.%S", "access_time": null, "owner": null, "group": null, "path": "/node-app", "attributes": null, "mode": null}}, "state": "directory", "gid": 0, "mode": "0755", "diff": {"after": {"path": "/node-app"}, "before": {"path": "/node-app"}}, "owner": "root", "path": "/node-app", "size": 4096, "_ansible_no_log": false}, "start": "2024-03-24T23:38:57.851149", "end": "2024-03-24T23:38:58.223355", "duration": 0.372206, "event_loop": null, "uuid": "070c1259-135d-45c7-851b-5cecc9d09b79"}}