{"uuid": "41563fc1-7819-408a-80ec-25a42350b6e3", "counter": 51, "stdout": "", "start_line": 37, "end_line": 37, "runner_ident": "55e6eeb7-ddff-485a-a95f-40a8c7faea57", "event": "runner_on_start", "pid": 80704, "created": "2024-03-24T23:38:58.290790", "parent_uuid": "000d3af6-48f8-9e68-88d8-00000000000c", "event_data": {"playbook": "hello.yml", "playbook_uuid": "881d5cb9-353b-47b0-937c-38acfb74da39", "play": "Play - for Alpine's Nodejs app", "play_uuid": "000d3af6-48f8-9e68-88d8-000000000008", "play_pattern": "app_group", "task": "app is installed", "task_uuid": "000d3af6-48f8-9e68-88d8-00000000000c", "task_action": "template", "resolved_action": "ansible.builtin.template", "task_args": "", "task_path": "/workspaces/ensf400-lab5-ansible/hello.yml:30", "host": "managedhost-app-1", "uuid": "41563fc1-7819-408a-80ec-25a42350b6e3"}}