{"uuid": "bf772315-8f4b-4a5b-9b23-31714db4784c", "counter": 55, "stdout": "\u001b[0;32mok: [managedhost-app-1]\u001b[0m", "start_line": 38, "end_line": 39, "runner_ident": "55e6eeb7-ddff-485a-a95f-40a8c7faea57", "event": "runner_on_ok", "pid": 80704, "created": "2024-03-24T23:38:59.006919", "parent_uuid": "000d3af6-48f8-9e68-88d8-00000000000c", "event_data": {"playbook": "hello.yml", "playbook_uuid": "881d5cb9-353b-47b0-937c-38acfb74da39", "play": "Play - for Alpine's Nodejs app", "play_uuid": "000d3af6-48f8-9e68-88d8-000000000008", "play_pattern": "app_group", "task": "app is installed", "task_uuid": "000d3af6-48f8-9e68-88d8-00000000000c", "task_action": "template", "resolved_action": "ansible.builtin.template", "task_args": "", "task_path": "/workspaces/ensf400-lab5-ansible/hello.yml:30", "host": "managedhost-app-1", "remote_addr": "managedhost-app-1", "res": {"diff": {"after": {"path": "/node-app/app.js"}, "before": {"path": "/node-app/app.js"}}, "group": "root", "uid": 0, "changed": false, "invocation": {"module_args": {"force": false, "_original_basename": "app.js.j2", "owner": null, "follow": true, "group": null, "unsafe_writes": false, "setype": null, "serole": null, "access_time": null, "state": "file", "dest": "/node-app/app.js", "selevel": null, "access_time_format": "%Y%m%d%H%M.%S", "modification_time": null, "path": "/node-app/app.js", "src": null, "seuser": null, "recurse": false, "_diff_peek": null, "mode": null, "modification_time_format": "%Y%m%d%H%M.%S", "attributes": null}}, "state": "file", "gid": 0, "mode": "0644", "owner": "root", "path": "/node-app/app.js", "size": 231, "checksum": "9115b275b621dc3b2b449efa3eb0c533614efbea", "dest": "/node-app/app.js", "_ansible_no_log": false}, "start": "2024-03-24T23:38:58.290704", "end": "2024-03-24T23:38:59.006722", "duration": 0.716018, "event_loop": null, "uuid": "bf772315-8f4b-4a5b-9b23-31714db4784c"}}