{"uuid": "000d3af6-48f8-9e68-88d8-00000000000d", "counter": 57, "stdout": "\r\nTASK [app dependencies file is copied] *****************************************", "start_line": 40, "end_line": 42, "runner_ident": "55e6eeb7-ddff-485a-a95f-40a8c7faea57", "event": "playbook_on_task_start", "pid": 80704, "created": "2024-03-24T23:38:59.021817", "parent_uuid": "000d3af6-48f8-9e68-88d8-000000000008", "event_data": {"playbook": "hello.yml", "playbook_uuid": "881d5cb9-353b-47b0-937c-38acfb74da39", "play": "Play - for Alpine's Nodejs app", "play_uuid": "000d3af6-48f8-9e68-88d8-000000000008", "play_pattern": "app_group", "task": "app dependencies file is copied", "task_uuid": "000d3af6-48f8-9e68-88d8-00000000000d", "task_action": "copy", "resolved_action": "ansible.builtin.copy", "task_args": "", "task_path": "/workspaces/ensf400-lab5-ansible/hello.yml:35", "name": "app dependencies file is copied", "is_conditional": false, "uuid": "000d3af6-48f8-9e68-88d8-00000000000d"}}