{"uuid": "ee7cfc57-2fad-46a9-9fe6-ed12c94de6ac", "counter": 60, "stdout": "", "start_line": 42, "end_line": 42, "runner_ident": "55e6eeb7-ddff-485a-a95f-40a8c7faea57", "event": "runner_on_start", "pid": 80704, "created": "2024-03-24T23:38:59.059948", "parent_uuid": "000d3af6-48f8-9e68-88d8-00000000000d", "event_data": {"playbook": "hello.yml", "playbook_uuid": "881d5cb9-353b-47b0-937c-38acfb74da39", "play": "Play - for Alpine's Nodejs app", "play_uuid": "000d3af6-48f8-9e68-88d8-000000000008", "play_pattern": "app_group", "task": "app dependencies file is copied", "task_uuid": "000d3af6-48f8-9e68-88d8-00000000000d", "task_action": "copy", "resolved_action": "ansible.builtin.copy", "task_args": "", "task_path": "/workspaces/ensf400-lab5-ansible/hello.yml:35", "host": "managedhost-app-3", "uuid": "ee7cfc57-2fad-46a9-9fe6-ed12c94de6ac"}}