{"uuid": "45f53b0a-8dea-458d-835d-40a20db5b42b", "counter": 63, "stdout": "\u001b[0;32mok: [managedhost-app-2]\u001b[0m", "start_line": 44, "end_line": 45, "runner_ident": "55e6eeb7-ddff-485a-a95f-40a8c7faea57", "event": "runner_on_ok", "pid": 80704, "created": "2024-03-24T23:39:00.007478", "parent_uuid": "000d3af6-48f8-9e68-88d8-00000000000d", "event_data": {"playbook": "hello.yml", "playbook_uuid": "881d5cb9-353b-47b0-937c-38acfb74da39", "play": "Play - for Alpine's Nodejs app", "play_uuid": "000d3af6-48f8-9e68-88d8-000000000008", "play_pattern": "app_group", "task": "app dependencies file is copied", "task_uuid": "000d3af6-48f8-9e68-88d8-00000000000d", "task_action": "copy", "resolved_action": "ansible.builtin.copy", "task_args": "", "task_path": "/workspaces/ensf400-lab5-ansible/hello.yml:35", "host": "managedhost-app-2", "remote_addr": "managedhost-app-2", "res": {"diff": {"after": {"path": "/node-app/package.json"}, "before": {"path": "/node-app/package.json"}}, "group": "root", "uid": 0, "changed": false, "invocation": {"module_args": {"force": false, "_original_basename": "package.json", "owner": null, "follow": true, "group": null, "unsafe_writes": false, "setype": null, "serole": null, "access_time": null, "state": "file", "dest": "/node-app/package.json", "selevel": null, "access_time_format": "%Y%m%d%H%M.%S", "modification_time": null, "path": "/node-app/package.json", "src": null, "seuser": null, "recurse": false, "_diff_peek": null, "mode": null, "modification_time_format": "%Y%m%d%H%M.%S", "attributes": null}}, "state": "file", "gid": 0, "mode": "0644", "owner": "root", "path": "/node-app/package.json", "size": 339, "checksum": "8e5613d62b8512c27bed300a61be3c3737ea743e", "dest": "/node-app/package.json", "_ansible_no_log": false}, "start": "2024-03-24T23:38:59.039385", "end": "2024-03-24T23:39:00.007347", "duration": 0.967962, "event_loop": null, "uuid": "45f53b0a-8dea-458d-835d-40a20db5b42b"}}