{"uuid": "211132fc-6b10-433f-9055-f3d612a5022f", "counter": 66, "stdout": "", "start_line": 47, "end_line": 47, "runner_ident": "55e6eeb7-ddff-485a-a95f-40a8c7faea57", "event": "runner_on_start", "pid": 80704, "created": "2024-03-24T23:39:00.030930", "parent_uuid": "000d3af6-48f8-9e68-88d8-00000000000e", "event_data": {"playbook": "hello.yml", "playbook_uuid": "881d5cb9-353b-47b0-937c-38acfb74da39", "play": "Play - for Alpine's Nodejs app", "play_uuid": "000d3af6-48f8-9e68-88d8-000000000008", "play_pattern": "app_group", "task": "app dependencies are installed", "task_uuid": "000d3af6-48f8-9e68-88d8-00000000000e", "task_action": "npm", "resolved_action": "community.general.npm", "task_args": "", "task_path": "/workspaces/ensf400-lab5-ansible/hello.yml:40", "host": "managedhost-app-2", "uuid": "211132fc-6b10-433f-9055-f3d612a5022f"}}