{"uuid": "ce020f15-4c3c-4b17-9ddc-9115de648421", "counter": 69, "stdout": "\u001b[0;32mok: [managedhost-app-2]\u001b[0m", "start_line": 48, "end_line": 49, "runner_ident": "55e6eeb7-ddff-485a-a95f-40a8c7faea57", "event": "runner_on_ok", "pid": 80704, "created": "2024-03-24T23:39:03.413333", "parent_uuid": "000d3af6-48f8-9e68-88d8-00000000000e", "event_data": {"playbook": "hello.yml", "playbook_uuid": "881d5cb9-353b-47b0-937c-38acfb74da39", "play": "Play - for Alpine's Nodejs app", "play_uuid": "000d3af6-48f8-9e68-88d8-000000000008", "play_pattern": "app_group", "task": "app dependencies are installed", "task_uuid": "000d3af6-48f8-9e68-88d8-00000000000e", "task_action": "npm", "resolved_action": "community.general.npm", "task_args": "", "task_path": "/workspaces/ensf400-lab5-ansible/hello.yml:40", "host": "managedhost-app-2", "remote_addr": "managedhost-app-2", "res": {"invocation": {"module_args": {"ci": false, "name": null, "global": false, "ignore_scripts": false, "no_optional": false, "state": "present", "production": true, "unsafe_perm": false, "no_bin_links": false, "version": null, "path": "/node-app", "executable": null, "registry": null}}, "changed": false, "_ansible_no_log": false}, "start": "2024-03-24T23:39:00.030729", "end": "2024-03-24T23:39:03.413225", "duration": 3.382496, "event_loop": null, "uuid": "ce020f15-4c3c-4b17-9ddc-9115de648421"}}