{"uuid": "bc1ff99d-0092-4689-a375-4f2569799dda", "counter": 74, "stdout": "", "start_line": 52, "end_line": 52, "runner_ident": "55e6eeb7-ddff-485a-a95f-40a8c7faea57", "event": "runner_on_start", "pid": 80704, "created": "2024-03-24T23:39:03.496118", "parent_uuid": "000d3af6-48f8-9e68-88d8-00000000000f", "event_data": {"playbook": "hello.yml", "playbook_uuid": "881d5cb9-353b-47b0-937c-38acfb74da39", "play": "Play - for Alpine's Nodejs app", "play_uuid": "000d3af6-48f8-9e68-88d8-000000000008", "play_pattern": "app_group", "task": "Install forever (to run Node.js app)", "task_uuid": "000d3af6-48f8-9e68-88d8-00000000000f", "task_action": "npm", "resolved_action": "community.general.npm", "task_args": "", "task_path": "/workspaces/ensf400-lab5-ansible/hello.yml:46", "host": "managedhost-app-3", "uuid": "bc1ff99d-0092-4689-a375-4f2569799dda"}}