{"uuid": "16fc4412-e250-4a1e-8110-3df7d0a6f6e6", "counter": 76, "stdout": "\u001b[0;32mok: [managedhost-app-3]\u001b[0m", "start_line": 53, "end_line": 54, "runner_ident": "55e6eeb7-ddff-485a-a95f-40a8c7faea57", "event": "runner_on_ok", "pid": 80704, "created": "2024-03-24T23:39:11.211429", "parent_uuid": "000d3af6-48f8-9e68-88d8-00000000000f", "event_data": {"playbook": "hello.yml", "playbook_uuid": "881d5cb9-353b-47b0-937c-38acfb74da39", "play": "Play - for Alpine's Nodejs app", "play_uuid": "000d3af6-48f8-9e68-88d8-000000000008", "play_pattern": "app_group", "task": "Install forever (to run Node.js app)", "task_uuid": "000d3af6-48f8-9e68-88d8-00000000000f", "task_action": "npm", "resolved_action": "community.general.npm", "task_args": "", "task_path": "/workspaces/ensf400-lab5-ansible/hello.yml:46", "host": "managedhost-app-3", "remote_addr": "managedhost-app-3", "res": {"invocation": {"module_args": {"ci": false, "name": "forever", "global": true, "ignore_scripts": false, "no_optional": false, "state": "present", "production": false, "unsafe_perm": false, "no_bin_links": false, "version": null, "path": null, "executable": null, "registry": null}}, "changed": false, "_ansible_no_log": false}, "start": "2024-03-24T23:39:03.495934", "end": "2024-03-24T23:39:11.211279", "duration": 7.715345, "event_loop": null, "uuid": "16fc4412-e250-4a1e-8110-3df7d0a6f6e6"}}