{"uuid": "21251ee0-3a0f-40ee-896a-ef206f6bc3e6", "counter": 77, "stdout": "\u001b[0;32mok: [managedhost-app-2]\u001b[0m", "start_line": 54, "end_line": 55, "runner_ident": "55e6eeb7-ddff-485a-a95f-40a8c7faea57", "event": "runner_on_ok", "pid": 80704, "created": "2024-03-24T23:39:11.362837", "parent_uuid": "000d3af6-48f8-9e68-88d8-00000000000f", "event_data": {"playbook": "hello.yml", "playbook_uuid": "881d5cb9-353b-47b0-937c-38acfb74da39", "play": "Play - for Alpine's Nodejs app", "play_uuid": "000d3af6-48f8-9e68-88d8-000000000008", "play_pattern": "app_group", "task": "Install forever (to run Node.js app)", "task_uuid": "000d3af6-48f8-9e68-88d8-00000000000f", "task_action": "npm", "resolved_action": "community.general.npm", "task_args": "", "task_path": "/workspaces/ensf400-lab5-ansible/hello.yml:46", "host": "managedhost-app-2", "remote_addr": "managedhost-app-2", "res": {"invocation": {"module_args": {"ci": false, "name": "forever", "global": true, "ignore_scripts": false, "no_optional": false, "state": "present", "production": false, "unsafe_perm": false, "no_bin_links": false, "version": null, "path": null, "executable": null, "registry": null}}, "changed": false, "_ansible_no_log": false}, "start": "2024-03-24T23:39:03.477817", "end": "2024-03-24T23:39:11.362700", "duration": 7.884883, "event_loop": null, "uuid": "21251ee0-3a0f-40ee-896a-ef206f6bc3e6"}}