{"uuid": "792fed5c-5933-406a-8bc9-e23eb9d9a205", "counter": 8, "stdout": "", "start_line": 5, "end_line": 5, "runner_ident": "55e6eeb7-ddff-485a-a95f-40a8c7faea57", "event": "runner_on_start", "pid": 80704, "created": "2024-03-24T23:38:22.839956", "parent_uuid": "000d3af6-48f8-9e68-88d8-00000000001b", "event_data": {"playbook": "hello.yml", "playbook_uuid": "881d5cb9-353b-47b0-937c-38acfb74da39", "play": "Play - Handle Files in all hosts", "play_uuid": "000d3af6-48f8-9e68-88d8-000000000005", "play_pattern": "all", "task": "Gathering Facts", "task_uuid": "000d3af6-48f8-9e68-88d8-00000000001b", "task_action": "gather_facts", "resolved_action": "ansible.builtin.gather_facts", "task_args": "", "task_path": "/workspaces/ensf400-lab5-ansible/hello.yml:3", "host": "localhost", "uuid": "792fed5c-5933-406a-8bc9-e23eb9d9a205"}}