{"uuid": "46d7f78f-2a17-465e-a4f1-d240eb4828be", "counter": 81, "stdout": "", "start_line": 57, "end_line": 57, "runner_ident": "55e6eeb7-ddff-485a-a95f-40a8c7faea57", "event": "runner_on_start", "pid": 80704, "created": "2024-03-24T23:39:11.405417", "parent_uuid": "000d3af6-48f8-9e68-88d8-000000000010", "event_data": {"playbook": "hello.yml", "playbook_uuid": "881d5cb9-353b-47b0-937c-38acfb74da39", "play": "Play - for Alpine's Nodejs app", "play_uuid": "000d3af6-48f8-9e68-88d8-000000000008", "play_pattern": "app_group", "task": "Check list of Node.js apps running", "task_uuid": "000d3af6-48f8-9e68-88d8-000000000010", "task_action": "command", "resolved_action": "ansible.builtin.command", "task_args": "", "task_path": "/workspaces/ensf400-lab5-ansible/hello.yml:52", "host": "managedhost-app-3", "uuid": "46d7f78f-2a17-465e-a4f1-d240eb4828be"}}