{"uuid": "89e1638c-1a39-4158-beda-e490438f885f", "counter": 82, "stdout": "\u001b[0;32mok: [managedhost-app-1]\u001b[0m", "start_line": 57, "end_line": 58, "runner_ident": "55e6eeb7-ddff-485a-a95f-40a8c7faea57", "event": "runner_on_ok", "pid": 80704, "created": "2024-03-24T23:39:13.920674", "parent_uuid": "000d3af6-48f8-9e68-88d8-000000000010", "event_data": {"playbook": "hello.yml", "playbook_uuid": "881d5cb9-353b-47b0-937c-38acfb74da39", "play": "Play - for Alpine's Nodejs app", "play_uuid": "000d3af6-48f8-9e68-88d8-000000000008", "play_pattern": "app_group", "task": "Check list of Node.js apps running", "task_uuid": "000d3af6-48f8-9e68-88d8-000000000010", "task_action": "command", "resolved_action": "ansible.builtin.command", "task_args": "", "task_path": "/workspaces/ensf400-lab5-ansible/hello.yml:52", "host": "managedhost-app-1", "remote_addr": "managedhost-app-1", "res": {"changed": false, "end": "2024-03-24 23:39:13.889916", "stdout": "\u001b[32minfo\u001b[39m:    Forever processes running\n\u001b[90mdata\u001b[39m:    \u001b[37m   \u001b[39m \u001b[37muid\u001b[39m  \u001b[90mcommand\u001b[39m       \u001b[90mscript\u001b[39m           \u001b[37mforever\u001b[39m \u001b[37mpid\u001b[39m \u001b[37mid\u001b[39m \u001b[35mlogfile\u001b[39m                 \u001b[33muptime\u001b[39m                   \n\u001b[90mdata\u001b[39m:    [0] ZWqh \u001b[90m/usr/bin/node\u001b[39m \u001b[90m/node-app/app.js\u001b[39m 380     389    \u001b[35m/root/.forever/ZWqh.log\u001b[39m \u001b[33m0:2:40:53.18499999999949\u001b[39m ", "cmd": ["forever", "list"], "rc": 0, "start": "2024-03-24 23:39:11.856679", "stderr": "", "delta": "0:00:02.033237", "invocation": {"module_args": {"executable": null, "_uses_shell": false, "expand_argument_vars": true, "strip_empty_ends": true, "_raw_params": "forever list", "removes": null, "argv": null, "creates": null, "chdir": null, "stdin_add_newline": true, "stdin": null}}, "msg": "", "stdout_lines": ["\u001b[32minfo\u001b[39m:    Forever processes running", "\u001b[90mdata\u001b[39m:    \u001b[37m   \u001b[39m \u001b[37muid\u001b[39m  \u001b[90mcommand\u001b[39m       \u001b[90mscript\u001b[39m           \u001b[37mforever\u001b[39m \u001b[37mpid\u001b[39m \u001b[37mid\u001b[39m \u001b[35mlogfile\u001b[39m                 \u001b[33muptime\u001b[39m                   ", "\u001b[90mdata\u001b[39m:    [0] ZWqh \u001b[90m/usr/bin/node\u001b[39m \u001b[90m/node-app/app.js\u001b[39m 380     389    \u001b[35m/root/.forever/ZWqh.log\u001b[39m \u001b[33m0:2:40:53.18499999999949\u001b[39m "], "stderr_lines": [], "_ansible_no_log": false}, "start": "2024-03-24T23:39:11.373851", "end": "2024-03-24T23:39:13.920410", "duration": 2.546559, "event_loop": null, "uuid": "89e1638c-1a39-4158-beda-e490438f885f"}}