{"uuid": "e138655e-d98d-495d-bf2d-1a2cd35c1fae", "counter": 84, "stdout": "\u001b[0;32mok: [managedhost-app-2]\u001b[0m", "start_line": 59, "end_line": 60, "runner_ident": "55e6eeb7-ddff-485a-a95f-40a8c7faea57", "event": "runner_on_ok", "pid": 80704, "created": "2024-03-24T23:39:14.103998", "parent_uuid": "000d3af6-48f8-9e68-88d8-000000000010", "event_data": {"playbook": "hello.yml", "playbook_uuid": "881d5cb9-353b-47b0-937c-38acfb74da39", "play": "Play - for Alpine's Nodejs app", "play_uuid": "000d3af6-48f8-9e68-88d8-000000000008", "play_pattern": "app_group", "task": "Check list of Node.js apps running", "task_uuid": "000d3af6-48f8-9e68-88d8-000000000010", "task_action": "command", "resolved_action": "ansible.builtin.command", "task_args": "", "task_path": "/workspaces/ensf400-lab5-ansible/hello.yml:52", "host": "managedhost-app-2", "remote_addr": "managedhost-app-2", "res": {"changed": false, "end": "2024-03-24 23:39:14.081406", "stdout": "\u001b[32minfo\u001b[39m:    Forever processes running\n\u001b[90mdata\u001b[39m:    \u001b[37m   \u001b[39m \u001b[37muid\u001b[39m  \u001b[90mcommand\u001b[39m       \u001b[90mscript\u001b[39m           \u001b[37mforever\u001b[39m \u001b[37mpid\u001b[39m \u001b[37mid\u001b[39m \u001b[35mlogfile\u001b[39m                 \u001b[33muptime\u001b[39m                   \n\u001b[90mdata\u001b[39m:    [0] CmoL \u001b[90m/usr/bin/node\u001b[39m \u001b[90m/node-app/app.js\u001b[39m 379     388    \u001b[35m/root/.forever/CmoL.log\u001b[39m \u001b[33m0:2:40:53.04700000000048\u001b[39m ", "cmd": ["forever", "list"], "rc": 0, "start": "2024-03-24 23:39:11.798613", "stderr": "", "delta": "0:00:02.282793", "invocation": {"module_args": {"executable": null, "_uses_shell": false, "expand_argument_vars": true, "strip_empty_ends": true, "_raw_params": "forever list", "removes": null, "argv": null, "creates": null, "chdir": null, "stdin_add_newline": true, "stdin": null}}, "msg": "", "stdout_lines": ["\u001b[32minfo\u001b[39m:    Forever processes running", "\u001b[90mdata\u001b[39m:    \u001b[37m   \u001b[39m \u001b[37muid\u001b[39m  \u001b[90mcommand\u001b[39m       \u001b[90mscript\u001b[39m           \u001b[37mforever\u001b[39m \u001b[37mpid\u001b[39m \u001b[37mid\u001b[39m \u001b[35mlogfile\u001b[39m                 \u001b[33muptime\u001b[39m                   ", "\u001b[90mdata\u001b[39m:    [0] CmoL \u001b[90m/usr/bin/node\u001b[39m \u001b[90m/node-app/app.js\u001b[39m 379     388    \u001b[35m/root/.forever/CmoL.log\u001b[39m \u001b[33m0:2:40:53.04700000000048\u001b[39m "], "stderr_lines": [], "_ansible_no_log": false}, "start": "2024-03-24T23:39:11.387045", "end": "2024-03-24T23:39:14.103872", "duration": 2.716827, "event_loop": null, "uuid": "e138655e-d98d-495d-bf2d-1a2cd35c1fae"}}