{"uuid": "000d3af6-48f8-9e68-88d8-000000000011", "counter": 85, "stdout": "\r\nTASK [Start example Node.js app] ***********************************************", "start_line": 60, "end_line": 62, "runner_ident": "55e6eeb7-ddff-485a-a95f-40a8c7faea57", "event": "playbook_on_task_start", "pid": 80704, "created": "2024-03-24T23:39:14.112469", "parent_uuid": "000d3af6-48f8-9e68-88d8-000000000008", "event_data": {"playbook": "hello.yml", "playbook_uuid": "881d5cb9-353b-47b0-937c-38acfb74da39", "play": "Play - for Alpine's Nodejs app", "play_uuid": "000d3af6-48f8-9e68-88d8-000000000008", "play_pattern": "app_group", "task": "Start example Node.js app", "task_uuid": "000d3af6-48f8-9e68-88d8-000000000011", "task_action": "command", "resolved_action": "ansible.builtin.command", "task_args": "", "task_path": "/workspaces/ensf400-lab5-ansible/hello.yml:57", "name": "Start example Node.js app", "is_conditional": false, "uuid": "000d3af6-48f8-9e68-88d8-000000000011"}}