{"uuid": "c1c8acde-9a35-43aa-8279-d84f0f347d04", "counter": 87, "stdout": "", "start_line": 62, "end_line": 62, "runner_ident": "55e6eeb7-ddff-485a-a95f-40a8c7faea57", "event": "runner_on_start", "pid": 80704, "created": "2024-03-24T23:39:14.127309", "parent_uuid": "000d3af6-48f8-9e68-88d8-000000000011", "event_data": {"playbook": "hello.yml", "playbook_uuid": "881d5cb9-353b-47b0-937c-38acfb74da39", "play": "Play - for Alpine's Nodejs app", "play_uuid": "000d3af6-48f8-9e68-88d8-000000000008", "play_pattern": "app_group", "task": "Start example Node.js app", "task_uuid": "000d3af6-48f8-9e68-88d8-000000000011", "task_action": "command", "resolved_action": "ansible.builtin.command", "task_args": "", "task_path": "/workspaces/ensf400-lab5-ansible/hello.yml:57", "host": "managedhost-app-2", "uuid": "c1c8acde-9a35-43aa-8279-d84f0f347d04"}}