{"uuid": "c31ecefa-5bca-433e-a513-80bfce72a64f", "counter": 90, "stdout": "\u001b[0;36mskipping: [managedhost-app-2]\u001b[0m", "start_line": 63, "end_line": 64, "runner_ident": "55e6eeb7-ddff-485a-a95f-40a8c7faea57", "event": "runner_on_skipped", "pid": 80704, "created": "2024-03-24T23:39:14.151619", "parent_uuid": "000d3af6-48f8-9e68-88d8-000000000011", "event_data": {"playbook": "hello.yml", "playbook_uuid": "881d5cb9-353b-47b0-937c-38acfb74da39", "play": "Play - for Alpine's Nodejs app", "play_uuid": "000d3af6-48f8-9e68-88d8-000000000008", "play_pattern": "app_group", "task": "Start example Node.js app", "task_uuid": "000d3af6-48f8-9e68-88d8-000000000011", "task_action": "command", "resolved_action": "ansible.builtin.command", "task_args": "", "task_path": "/workspaces/ensf400-lab5-ansible/hello.yml:57", "host": "managedhost-app-2", "remote_addr": "managedhost-app-2", "start": "2024-03-24T23:39:14.127115", "end": "2024-03-24T23:39:14.151163", "duration": 0.024048, "event_loop": null, "uuid": "c31ecefa-5bca-433e-a513-80bfce72a64f"}}