{"uuid": "295a804d-c061-4a9a-9914-aba62ae16720", "counter": 91, "stdout": "\u001b[0;36mskipping: [managedhost-app-3]\u001b[0m", "start_line": 64, "end_line": 65, "runner_ident": "55e6eeb7-ddff-485a-a95f-40a8c7faea57", "event": "runner_on_skipped", "pid": 80704, "created": "2024-03-24T23:39:14.162936", "parent_uuid": "000d3af6-48f8-9e68-88d8-000000000011", "event_data": {"playbook": "hello.yml", "playbook_uuid": "881d5cb9-353b-47b0-937c-38acfb74da39", "play": "Play - for Alpine's Nodejs app", "play_uuid": "000d3af6-48f8-9e68-88d8-000000000008", "play_pattern": "app_group", "task": "Start example Node.js app", "task_uuid": "000d3af6-48f8-9e68-88d8-000000000011", "task_action": "command", "resolved_action": "ansible.builtin.command", "task_args": "", "task_path": "/workspaces/ensf400-lab5-ansible/hello.yml:57", "host": "managedhost-app-3", "remote_addr": "managedhost-app-3", "start": "2024-03-24T23:39:14.147443", "end": "2024-03-24T23:39:14.162828", "duration": 0.015385, "event_loop": null, "uuid": "295a804d-c061-4a9a-9914-aba62ae16720"}}