{"uuid": "000d3af6-48f8-9e68-88d8-000000000012", "counter": 92, "stdout": "\r\nPLAY [Install and configure Nginx as a load balancer] **************************", "start_line": 65, "end_line": 67, "runner_ident": "55e6eeb7-ddff-485a-a95f-40a8c7faea57", "event": "playbook_on_play_start", "pid": 80704, "created": "2024-03-24T23:39:14.208486", "parent_uuid": "881d5cb9-353b-47b0-937c-38acfb74da39", "event_data": {"playbook": "hello.yml", "playbook_uuid": "881d5cb9-353b-47b0-937c-38acfb74da39", "play": "Install and configure Nginx as a load balancer", "play_uuid": "000d3af6-48f8-9e68-88d8-000000000012", "play_pattern": "localhost", "name": "Install and configure Nginx as a load balancer", "pattern": "localhost", "uuid": "000d3af6-48f8-9e68-88d8-000000000012"}}