{"uuid": "14594677-2bc8-4eb6-8ff6-ca78cc34615a", "counter": 94, "stdout": "", "start_line": 69, "end_line": 69, "runner_ident": "55e6eeb7-ddff-485a-a95f-40a8c7faea57", "event": "runner_on_start", "pid": 80704, "created": "2024-03-24T23:39:14.218260", "parent_uuid": "000d3af6-48f8-9e68-88d8-000000000096", "event_data": {"playbook": "hello.yml", "playbook_uuid": "881d5cb9-353b-47b0-937c-38acfb74da39", "play": "Install and configure Nginx as a load balancer", "play_uuid": "000d3af6-48f8-9e68-88d8-000000000012", "play_pattern": "localhost", "task": "Gathering Facts", "task_uuid": "000d3af6-48f8-9e68-88d8-000000000096", "task_action": "gather_facts", "resolved_action": "ansible.builtin.gather_facts", "task_args": "", "task_path": "/workspaces/ensf400-lab5-ansible/hello.yml:62", "host": "localhost", "uuid": "14594677-2bc8-4eb6-8ff6-ca78cc34615a"}}