{"uuid": "000d3af6-48f8-9e68-88d8-000000000014", "counter": 96, "stdout": "\r\nTASK [Install Nginx] ***********************************************************", "start_line": 70, "end_line": 72, "runner_ident": "55e6eeb7-ddff-485a-a95f-40a8c7faea57", "event": "playbook_on_task_start", "pid": 80704, "created": "2024-03-24T23:39:14.937357", "parent_uuid": "000d3af6-48f8-9e68-88d8-000000000012", "event_data": {"playbook": "hello.yml", "playbook_uuid": "881d5cb9-353b-47b0-937c-38acfb74da39", "play": "Install and configure Nginx as a load balancer", "play_uuid": "000d3af6-48f8-9e68-88d8-000000000012", "play_pattern": "localhost", "task": "Install Nginx", "task_uuid": "000d3af6-48f8-9e68-88d8-000000000014", "task_action": "apt", "resolved_action": "ansible.builtin.apt", "task_args": "", "task_path": "/workspaces/ensf400-lab5-ansible/hello.yml:66", "name": "Install Nginx", "is_conditional": false, "uuid": "000d3af6-48f8-9e68-88d8-000000000014"}}