{"uuid": "27a385ab-2563-4ccb-a93f-9d2b80fd071b", "counter": 97, "stdout": "", "start_line": 72, "end_line": 72, "runner_ident": "55e6eeb7-ddff-485a-a95f-40a8c7faea57", "event": "runner_on_start", "pid": 80704, "created": "2024-03-24T23:39:14.938742", "parent_uuid": "000d3af6-48f8-9e68-88d8-000000000014", "event_data": {"playbook": "hello.yml", "playbook_uuid": "881d5cb9-353b-47b0-937c-38acfb74da39", "play": "Install and configure Nginx as a load balancer", "play_uuid": "000d3af6-48f8-9e68-88d8-000000000012", "play_pattern": "localhost", "task": "Install Nginx", "task_uuid": "000d3af6-48f8-9e68-88d8-000000000014", "task_action": "apt", "resolved_action": "ansible.builtin.apt", "task_args": "", "task_path": "/workspaces/ensf400-lab5-ansible/hello.yml:66", "host": "localhost", "uuid": "27a385ab-2563-4ccb-a93f-9d2b80fd071b"}}