{"uuid": "e406e75b-ea5a-4c37-b678-86463f79ea34", "counter": 98, "stdout": "\u001b[0;32mok: [localhost]\u001b[0m", "start_line": 72, "end_line": 73, "runner_ident": "55e6eeb7-ddff-485a-a95f-40a8c7faea57", "event": "runner_on_ok", "pid": 80704, "created": "2024-03-24T23:39:19.832428", "parent_uuid": "000d3af6-48f8-9e68-88d8-000000000014", "event_data": {"playbook": "hello.yml", "playbook_uuid": "881d5cb9-353b-47b0-937c-38acfb74da39", "play": "Install and configure Nginx as a load balancer", "play_uuid": "000d3af6-48f8-9e68-88d8-000000000012", "play_pattern": "localhost", "task": "Install Nginx", "task_uuid": "000d3af6-48f8-9e68-88d8-000000000014", "task_action": "apt", "resolved_action": "ansible.builtin.apt", "task_args": "", "task_path": "/workspaces/ensf400-lab5-ansible/hello.yml:66", "host": "localhost", "remote_addr": "localhost", "res": {"changed": false, "cache_updated": true, "cache_update_time": 1711323557, "invocation": {"module_args": {"name": "nginx", "update_cache": true, "state": "present", "package": ["nginx"], "update_cache_retries": 5, "update_cache_retry_max_delay": 12, "cache_valid_time": 0, "purge": false, "force": false, "upgrade": null, "dpkg_options": "force-confdef,force-confold", "autoremove": false, "autoclean": false, "fail_on_autoremove": false, "only_upgrade": false, "force_apt_get": false, "clean": false, "allow_unauthenticated": false, "allow_downgrade": false, "allow_change_held_packages": false, "lock_timeout": 60, "deb": null, "default_release": null, "install_recommends": null, "policy_rc_d": null}}, "_ansible_no_log": false}, "start": "2024-03-24T23:39:14.938657", "end": "2024-03-24T23:39:19.832211", "duration": 4.893554, "event_loop": null, "uuid": "e406e75b-ea5a-4c37-b678-86463f79ea34"}}