{"uuid": "5fe77dd1-7ddd-4e53-b71e-dfdb7b4ce86d", "counter": 101, "stdout": "\u001b[0;32mok: [localhost]\u001b[0m", "start_line": 75, "end_line": 76, "runner_ident": "e0536953-c1ff-4ac8-bf1e-b6b5ec8aea71", "event": "runner_on_ok", "pid": 74331, "created": "2024-03-24T23:26:20.184778", "parent_uuid": "000d3af6-48f8-dfed-b832-000000000015", "event_data": {"playbook": "hello.yml", "playbook_uuid": "538e3ad1-4d01-4595-8405-9e2a93603ae0", "play": "Install and configure Nginx as a load balancer", "play_uuid": "000d3af6-48f8-dfed-b832-000000000012", "play_pattern": "localhost", "task": "Remove default Nginx configuration", "task_uuid": "000d3af6-48f8-dfed-b832-000000000015", "task_action": "file", "resolved_action": "ansible.builtin.file", "task_args": "", "task_path": "/workspaces/ensf400-lab5-ansible/hello.yml:72", "host": "localhost", "remote_addr": "localhost", "res": {"path": "/etc/nginx/sites-enabled/default", "changed": false, "state": "absent", "invocation": {"module_args": {"path": "/etc/nginx/sites-enabled/default", "state": "absent", "recurse": false, "force": false, "follow": true, "modification_time_format": "%Y%m%d%H%M.%S", "access_time_format": "%Y%m%d%H%M.%S", "unsafe_writes": false, "_original_basename": null, "_diff_peek": null, "src": null, "modification_time": null, "access_time": null, "mode": null, "owner": null, "group": null, "seuser": null, "serole": null, "selevel": null, "setype": null, "attributes": null}}, "_ansible_no_log": false}, "start": "2024-03-24T23:26:19.980636", "end": "2024-03-24T23:26:20.184537", "duration": 0.203901, "event_loop": null, "uuid": "5fe77dd1-7ddd-4e53-b71e-dfdb7b4ce86d"}}