{"uuid": "91e3cab9-7384-4b91-af25-b16ae965325f", "counter": 103, "stdout": "", "start_line": 78, "end_line": 78, "runner_ident": "e0536953-c1ff-4ac8-bf1e-b6b5ec8aea71", "event": "runner_on_start", "pid": 74331, "created": "2024-03-24T23:26:20.195724", "parent_uuid": "000d3af6-48f8-dfed-b832-000000000016", "event_data": {"playbook": "hello.yml", "playbook_uuid": "538e3ad1-4d01-4595-8405-9e2a93603ae0", "play": "Install and configure Nginx as a load balancer", "play_uuid": "000d3af6-48f8-dfed-b832-000000000012", "play_pattern": "localhost", "task": "Copy custom Nginx configuration for load balancing", "task_uuid": "000d3af6-48f8-dfed-b832-000000000016", "task_action": "copy", "resolved_action": "ansible.builtin.copy", "task_args": "", "task_path": "/workspaces/ensf400-lab5-ansible/hello.yml:77", "host": "localhost", "uuid": "91e3cab9-7384-4b91-af25-b16ae965325f"}}