{"uuid": "a8cd4496-0885-4b53-b326-6a452fbfd036", "counter": 104, "stdout": "\u001b[0;33mchanged: [localhost]\u001b[0m", "start_line": 78, "end_line": 79, "runner_ident": "e0536953-c1ff-4ac8-bf1e-b6b5ec8aea71", "event": "runner_on_ok", "pid": 74331, "created": "2024-03-24T23:26:20.636287", "parent_uuid": "000d3af6-48f8-dfed-b832-000000000016", "event_data": {"playbook": "hello.yml", "playbook_uuid": "538e3ad1-4d01-4595-8405-9e2a93603ae0", "play": "Install and configure Nginx as a load balancer", "play_uuid": "000d3af6-48f8-dfed-b832-000000000012", "play_pattern": "localhost", "task": "Copy custom Nginx configuration for load balancing", "task_uuid": "000d3af6-48f8-dfed-b832-000000000016", "task_action": "copy", "resolved_action": "ansible.builtin.copy", "task_args": "", "task_path": "/workspaces/ensf400-lab5-ansible/hello.yml:77", "host": "localhost", "remote_addr": "localhost", "res": {"diff": [], "dest": "/etc/nginx/nginx.conf", "src": "/home/codespace/.ansible/tmp/ansible-tmp-1711322780.2100756-76640-198394214730404/source", "md5sum": "864fdcef52030e0ff30bfedc53d85001", "checksum": "775202b3679ce9b03cd6334181c0f21c3270a8fe", "changed": true, "uid": 0, "gid": 0, "owner": "root", "group": "root", "mode": "0644", "state": "file", "size": 241, "invocation": {"module_args": {"src": "/home/codespace/.ansible/tmp/ansible-tmp-1711322780.2100756-76640-198394214730404/source", "dest": "/etc/nginx/nginx.conf", "_original_basename": "nginx.conf", "follow": false, "checksum": "775202b3679ce9b03cd6334181c0f21c3270a8fe", "backup": false, "force": true, "unsafe_writes": false, "content": null, "validate": null, "directory_mode": null, "remote_src": null, "local_follow": null, "mode": null, "owner": null, "group": null, "seuser": null, "serole": null, "selevel": null, "setype": null, "attributes": null}}, "_ansible_no_log": false}, "start": "2024-03-24T23:26:20.195623", "end": "2024-03-24T23:26:20.636063", "duration": 0.44044, "event_loop": null, "uuid": "a8cd4496-0885-4b53-b326-6a452fbfd036"}}