{"uuid": "81d11fdb-e4d9-4ba4-9cc6-a5f0b0091da9", "counter": 106, "stdout": "", "start_line": 81, "end_line": 81, "runner_ident": "e0536953-c1ff-4ac8-bf1e-b6b5ec8aea71", "event": "runner_on_start", "pid": 74331, "created": "2024-03-24T23:26:20.649064", "parent_uuid": "000d3af6-48f8-dfed-b832-000000000017", "event_data": {"playbook": "hello.yml", "playbook_uuid": "538e3ad1-4d01-4595-8405-9e2a93603ae0", "play": "Install and configure Nginx as a load balancer", "play_uuid": "000d3af6-48f8-dfed-b832-000000000012", "play_pattern": "localhost", "task": "Restart Nginx to apply new configuration", "task_uuid": "000d3af6-48f8-dfed-b832-000000000017", "task_action": "service", "resolved_action": "ansible.builtin.service", "task_args": "", "task_path": "/workspaces/ensf400-lab5-ansible/hello.yml:82", "host": "localhost", "uuid": "81d11fdb-e4d9-4ba4-9cc6-a5f0b0091da9"}}