{"uuid": "c29422fe-96aa-4391-82d3-5bae1863f649", "counter": 107, "stdout": "\u001b[0;31mfatal: [localhost]: FAILED! => {\"changed\": false, \"msg\": \" * Stopping nginx nginx\\n   ...done.\\n * Starting nginx nginx\\n   ...fail!\\n\"}\u001b[0m", "start_line": 81, "end_line": 82, "runner_ident": "e0536953-c1ff-4ac8-bf1e-b6b5ec8aea71", "event": "runner_on_failed", "pid": 74331, "created": "2024-03-24T23:26:22.044208", "parent_uuid": "000d3af6-48f8-dfed-b832-000000000017", "event_data": {"playbook": "hello.yml", "playbook_uuid": "538e3ad1-4d01-4595-8405-9e2a93603ae0", "play": "Install and configure Nginx as a load balancer", "play_uuid": "000d3af6-48f8-dfed-b832-000000000012", "play_pattern": "localhost", "task": "Restart Nginx to apply new configuration", "task_uuid": "000d3af6-48f8-dfed-b832-000000000017", "task_action": "service", "resolved_action": "ansible.builtin.service", "task_args": "", "task_path": "/workspaces/ensf400-lab5-ansible/hello.yml:82", "host": "localhost", "remote_addr": "localhost", "res": {"msg": " * Stopping nginx nginx\n   ...done.\n * Starting nginx nginx\n   ...fail!\n", "invocation": {"module_args": {"name": "nginx", "state": "restarted", "runlevel": "default", "arguments": "", "sleep": null, "pattern": null, "enabled": null}}, "_ansible_no_log": false, "changed": false}, "start": "2024-03-24T23:26:20.648973", "end": "2024-03-24T23:26:22.043995", "duration": 1.395022, "ignore_errors": null, "event_loop": null, "uuid": "c29422fe-96aa-4391-82d3-5bae1863f649"}}