{"uuid": "ae94a7b1-3e40-461c-b12d-1f0f502b7c22", "counter": 108, "stdout": "\r\nPLAY RECAP *********************************************************************\r\n\u001b[0;31mlocalhost\u001b[0m                  : \u001b[0;32mok=6   \u001b[0m \u001b[0;33mchanged=1   \u001b[0m unreachable=0    \u001b[0;31mfailed=1   \u001b[0m skipped=0    rescued=0    ignored=0   \r\n\u001b[0;32mmanagedhost-app-1\u001b[0m          : \u001b[0;32mok=10  \u001b[0m changed=0    unreachable=0    failed=0    \u001b[0;36mskipped=1   \u001b[0m rescued=0    ignored=0   \r\n\u001b[0;32mmanagedhost-app-2\u001b[0m          : \u001b[0;32mok=10  \u001b[0m changed=0    unreachable=0    failed=0    \u001b[0;36mskipped=1   \u001b[0m rescued=0    ignored=0   \r\n\u001b[0;32mmanagedhost-app-3\u001b[0m          : \u001b[0;32mok=10  \u001b[0m changed=0    unreachable=0    failed=0    \u001b[0;36mskipped=1   \u001b[0m rescued=0    ignored=0   ", "start_line": 82, "end_line": 89, "runner_ident": "e0536953-c1ff-4ac8-bf1e-b6b5ec8aea71", "event": "playbook_on_stats", "pid": 74331, "created": "2024-03-24T23:26:22.048289", "parent_uuid": "538e3ad1-4d01-4595-8405-9e2a93603ae0", "event_data": {"playbook": "hello.yml", "playbook_uuid": "538e3ad1-4d01-4595-8405-9e2a93603ae0", "changed": {"localhost": 1}, "dark": {}, "failures": {"localhost": 1}, "ignored": {}, "ok": {"localhost": 6, "managedhost-app-3": 10, "managedhost-app-1": 10, "managedhost-app-2": 10}, "processed": {"localhost": 1, "managedhost-app-3": 1, "managedhost-app-1": 1, "managedhost-app-2": 1}, "rescued": {}, "skipped": {"managedhost-app-1": 1, "managedhost-app-2": 1, "managedhost-app-3": 1}, "artifact_data": {}, "uuid": "ae94a7b1-3e40-461c-b12d-1f0f502b7c22"}}