{"uuid": "0e7ce383-ee95-4e70-a4a5-068948d1da4f", "counter": 17, "stdout": "", "start_line": 11, "end_line": 11, "runner_ident": "e0536953-c1ff-4ac8-bf1e-b6b5ec8aea71", "event": "runner_on_start", "pid": 74331, "created": "2024-03-24T23:25:36.618262", "parent_uuid": "000d3af6-48f8-dfed-b832-000000000007", "event_data": {"playbook": "hello.yml", "playbook_uuid": "538e3ad1-4d01-4595-8405-9e2a93603ae0", "play": "Play - Handle Files in all hosts", "play_uuid": "000d3af6-48f8-dfed-b832-000000000005", "play_pattern": "all", "task": "all host are identified with a file", "task_uuid": "000d3af6-48f8-dfed-b832-000000000007", "task_action": "copy", "resolved_action": "ansible.builtin.copy", "task_args": "", "task_path": "/workspaces/ensf400-lab5-ansible/hello.yml:6", "host": "localhost", "uuid": "0e7ce383-ee95-4e70-a4a5-068948d1da4f"}}