{"uuid": "f50a7529-d112-46c2-81e8-43a21414883f", "counter": 18, "stdout": "\u001b[0;32mok: [localhost]\u001b[0m", "start_line": 11, "end_line": 12, "runner_ident": "e0536953-c1ff-4ac8-bf1e-b6b5ec8aea71", "event": "runner_on_ok", "pid": 74331, "created": "2024-03-24T23:25:37.698972", "parent_uuid": "000d3af6-48f8-dfed-b832-000000000007", "event_data": {"playbook": "hello.yml", "playbook_uuid": "538e3ad1-4d01-4595-8405-9e2a93603ae0", "play": "Play - Handle Files in all hosts", "play_uuid": "000d3af6-48f8-dfed-b832-000000000005", "play_pattern": "all", "task": "all host are identified with a file", "task_uuid": "000d3af6-48f8-dfed-b832-000000000007", "task_action": "copy", "resolved_action": "ansible.builtin.copy", "task_args": "", "task_path": "/workspaces/ensf400-lab5-ansible/hello.yml:6", "host": "localhost", "remote_addr": "localhost", "res": {"diff": {"before": {"path": "/tmp/family.txt"}, "after": {"path": "/tmp/family.txt"}}, "path": "/tmp/family.txt", "changed": false, "uid": 1000, "gid": 1000, "owner": "codespace", "group": "codespace", "mode": "0644", "state": "file", "size": 19, "invocation": {"module_args": {"mode": "0644", "dest": "/tmp/family.txt", "_original_basename": "tmpf2u97i0m", "recurse": false, "state": "file", "path": "/tmp/family.txt", "force": false, "follow": true, "modification_time_format": "%Y%m%d%H%M.%S", "access_time_format": "%Y%m%d%H%M.%S", "unsafe_writes": false, "_diff_peek": null, "src": null, "modification_time": null, "access_time": null, "owner": null, "group": null, "seuser": null, "serole": null, "selevel": null, "setype": null, "attributes": null}}, "checksum": "ea1d700a72b2c7270d69514e560e017681f97dd3", "dest": "/tmp/family.txt", "_ansible_no_log": false}, "start": "2024-03-24T23:25:36.618072", "end": "2024-03-24T23:25:37.698759", "duration": 1.080687, "event_loop": null, "uuid": "f50a7529-d112-46c2-81e8-43a21414883f"}}