{"uuid": "d4131c0a-c210-465c-99f0-775fee57b255", "counter": 19, "stdout": "\u001b[0;32mok: [managedhost-app-3]\u001b[0m", "start_line": 12, "end_line": 13, "runner_ident": "e0536953-c1ff-4ac8-bf1e-b6b5ec8aea71", "event": "runner_on_ok", "pid": 74331, "created": "2024-03-24T23:25:37.781774", "parent_uuid": "000d3af6-48f8-dfed-b832-000000000007", "event_data": {"playbook": "hello.yml", "playbook_uuid": "538e3ad1-4d01-4595-8405-9e2a93603ae0", "play": "Play - Handle Files in all hosts", "play_uuid": "000d3af6-48f8-dfed-b832-000000000005", "play_pattern": "all", "task": "all host are identified with a file", "task_uuid": "000d3af6-48f8-dfed-b832-000000000007", "task_action": "copy", "resolved_action": "ansible.builtin.copy", "task_args": "", "task_path": "/workspaces/ensf400-lab5-ansible/hello.yml:6", "host": "managedhost-app-3", "remote_addr": "managedhost-app-3", "res": {"diff": {"after": {"path": "/tmp/family.txt"}, "before": {"path": "/tmp/family.txt"}}, "group": "root", "uid": 0, "changed": false, "invocation": {"module_args": {"force": false, "_original_basename": "tmpkoqs0nhb", "owner": null, "follow": true, "group": null, "unsafe_writes": false, "setype": null, "serole": null, "access_time": null, "state": "file", "dest": "/tmp/family.txt", "selevel": null, "access_time_format": "%Y%m%d%H%M.%S", "modification_time": null, "path": "/tmp/family.txt", "src": null, "seuser": null, "recurse": false, "_diff_peek": null, "mode": "0644", "modification_time_format": "%Y%m%d%H%M.%S", "attributes": null}}, "state": "file", "gid": 0, "mode": "0644", "owner": "root", "path": "/tmp/family.txt", "size": 19, "checksum": "c7083a5560242f37bbd438a113f2a4496ddfdc4d", "dest": "/tmp/family.txt", "_ansible_no_log": false}, "start": "2024-03-24T23:25:36.584602", "end": "2024-03-24T23:25:37.781634", "duration": 1.197032, "event_loop": null, "uuid": "d4131c0a-c210-465c-99f0-775fee57b255"}}