{"uuid": "000d3af6-48f8-dfed-b832-000000000008", "counter": 22, "stdout": "\r\nPLAY [Play - for Alpine's Nodejs app] ******************************************", "start_line": 15, "end_line": 17, "runner_ident": "e0536953-c1ff-4ac8-bf1e-b6b5ec8aea71", "event": "playbook_on_play_start", "pid": 74331, "created": "2024-03-24T23:25:37.975778", "parent_uuid": "538e3ad1-4d01-4595-8405-9e2a93603ae0", "event_data": {"playbook": "hello.yml", "playbook_uuid": "538e3ad1-4d01-4595-8405-9e2a93603ae0", "play": "Play - for Alpine's Nodejs app", "play_uuid": "000d3af6-48f8-dfed-b832-000000000008", "play_pattern": "app_group", "name": "Play - for Alpine's Nodejs app", "pattern": "app_group", "uuid": "000d3af6-48f8-dfed-b832-000000000008"}}