{"uuid": "000d3af6-48f8-dfed-b832-00000000003c", "counter": 23, "stdout": "\r\nTASK [Gathering Facts] *********************************************************", "start_line": 17, "end_line": 19, "runner_ident": "e0536953-c1ff-4ac8-bf1e-b6b5ec8aea71", "event": "playbook_on_task_start", "pid": 74331, "created": "2024-03-24T23:25:37.982328", "parent_uuid": "000d3af6-48f8-dfed-b832-000000000008", "event_data": {"playbook": "hello.yml", "playbook_uuid": "538e3ad1-4d01-4595-8405-9e2a93603ae0", "play": "Play - for Alpine's Nodejs app", "play_uuid": "000d3af6-48f8-dfed-b832-000000000008", "play_pattern": "app_group", "task": "Gathering Facts", "task_uuid": "000d3af6-48f8-dfed-b832-00000000003c", "task_action": "gather_facts", "resolved_action": "ansible.builtin.gather_facts", "task_args": "", "task_path": "/workspaces/ensf400-lab5-ansible/hello.yml:13", "name": "Gathering Facts", "is_conditional": false, "uuid": "000d3af6-48f8-dfed-b832-00000000003c"}}