{"uuid": "d1087eb1-3b63-4a9d-bc57-47b218f11942", "counter": 24, "stdout": "", "start_line": 19, "end_line": 19, "runner_ident": "e0536953-c1ff-4ac8-bf1e-b6b5ec8aea71", "event": "runner_on_start", "pid": 74331, "created": "2024-03-24T23:25:37.984214", "parent_uuid": "000d3af6-48f8-dfed-b832-00000000003c", "event_data": {"playbook": "hello.yml", "playbook_uuid": "538e3ad1-4d01-4595-8405-9e2a93603ae0", "play": "Play - for Alpine's Nodejs app", "play_uuid": "000d3af6-48f8-dfed-b832-000000000008", "play_pattern": "app_group", "task": "Gathering Facts", "task_uuid": "000d3af6-48f8-dfed-b832-00000000003c", "task_action": "gather_facts", "resolved_action": "ansible.builtin.gather_facts", "task_args": "", "task_path": "/workspaces/ensf400-lab5-ansible/hello.yml:13", "host": "managedhost-app-1", "uuid": "d1087eb1-3b63-4a9d-bc57-47b218f11942"}}