{"uuid": "000d3af6-48f8-dfed-b832-000000000005", "counter": 3, "stdout": "\r\nPLAY [Play - Handle Files in all hosts] ****************************************", "start_line": 1, "end_line": 3, "runner_ident": "e0536953-c1ff-4ac8-bf1e-b6b5ec8aea71", "event": "playbook_on_play_start", "pid": 74331, "created": "2024-03-24T23:25:23.673057", "parent_uuid": "538e3ad1-4d01-4595-8405-9e2a93603ae0", "event_data": {"playbook": "hello.yml", "playbook_uuid": "538e3ad1-4d01-4595-8405-9e2a93603ae0", "play": "Play - Handle Files in all hosts", "play_uuid": "000d3af6-48f8-dfed-b832-000000000005", "play_pattern": "all", "name": "Play - Handle Files in all hosts", "pattern": "all", "uuid": "000d3af6-48f8-dfed-b832-000000000005"}}