{"uuid": "45ac3eea-d539-426f-99d1-6426fd7fd773", "counter": 33, "stdout": "", "start_line": 24, "end_line": 24, "runner_ident": "e0536953-c1ff-4ac8-bf1e-b6b5ec8aea71", "event": "runner_on_start", "pid": 74331, "created": "2024-03-24T23:25:50.046174", "parent_uuid": "000d3af6-48f8-dfed-b832-00000000000a", "event_data": {"playbook": "hello.yml", "playbook_uuid": "538e3ad1-4d01-4595-8405-9e2a93603ae0", "play": "Play - for Alpine's Nodejs app", "play_uuid": "000d3af6-48f8-dfed-b832-000000000008", "play_pattern": "app_group", "task": "NodeJs is installed", "task_uuid": "000d3af6-48f8-dfed-b832-00000000000a", "task_action": "apk", "resolved_action": "community.general.apk", "task_args": "", "task_path": "/workspaces/ensf400-lab5-ansible/hello.yml:16", "host": "managedhost-app-3", "uuid": "45ac3eea-d539-426f-99d1-6426fd7fd773"}}