{"uuid": "000d3af6-48f8-dfed-b832-00000000001b", "counter": 4, "stdout": "\r\nTASK [Gathering Facts] *********************************************************", "start_line": 3, "end_line": 5, "runner_ident": "e0536953-c1ff-4ac8-bf1e-b6b5ec8aea71", "event": "playbook_on_task_start", "pid": 74331, "created": "2024-03-24T23:25:23.683131", "parent_uuid": "000d3af6-48f8-dfed-b832-000000000005", "event_data": {"playbook": "hello.yml", "playbook_uuid": "538e3ad1-4d01-4595-8405-9e2a93603ae0", "play": "Play - Handle Files in all hosts", "play_uuid": "000d3af6-48f8-dfed-b832-000000000005", "play_pattern": "all", "task": "Gathering Facts", "task_uuid": "000d3af6-48f8-dfed-b832-00000000001b", "task_action": "gather_facts", "resolved_action": "ansible.builtin.gather_facts", "task_args": "", "task_path": "/workspaces/ensf400-lab5-ansible/hello.yml:3", "name": "Gathering Facts", "is_conditional": false, "uuid": "000d3af6-48f8-dfed-b832-00000000001b"}}