{"uuid": "daf76530-0ff5-4567-9d04-a0965b1ca0f2", "counter": 40, "stdout": "", "start_line": 29, "end_line": 29, "runner_ident": "e0536953-c1ff-4ac8-bf1e-b6b5ec8aea71", "event": "runner_on_ok", "pid": 74331, "created": "2024-03-24T23:25:58.313687", "parent_uuid": "000d3af6-48f8-dfed-b832-00000000000a", "event_data": {"playbook": "hello.yml", "playbook_uuid": "538e3ad1-4d01-4595-8405-9e2a93603ae0", "play": "Play - for Alpine's Nodejs app", "play_uuid": "000d3af6-48f8-dfed-b832-000000000008", "play_pattern": "app_group", "task": "NodeJs is installed", "task_uuid": "000d3af6-48f8-dfed-b832-00000000000a", "task_action": "apk", "resolved_action": "community.general.apk", "task_args": "", "task_path": "/workspaces/ensf400-lab5-ansible/hello.yml:16", "host": "managedhost-app-3", "remote_addr": "managedhost-app-3", "res": {"results": [{"msg": "package(s) already installed", "invocation": {"module_args": {"available": false, "upgrade": false, "name": ["nodejs"], "repository": null, "state": "latest", "update_cache": true, "no_cache": false, "world": "/etc/apk/world"}}, "changed": false, "_ansible_no_log": false, "failed": false, "item": "nodejs", "ansible_loop_var": "item", "_ansible_item_label": "nodejs"}, {"msg": "package(s) already installed", "invocation": {"module_args": {"available": false, "upgrade": false, "name": ["nodejs-npm"], "repository": null, "state": "latest", "update_cache": true, "no_cache": false, "world": "/etc/apk/world"}}, "changed": false, "_ansible_no_log": false, "failed": false, "item": "nodejs-npm", "ansible_loop_var": "item", "_ansible_item_label": "nodejs-npm"}], "msg": "All items completed", "changed": false}, "start": "2024-03-24T23:25:50.045950", "end": "2024-03-24T23:25:58.313569", "duration": 8.267619, "event_loop": null, "uuid": "daf76530-0ff5-4567-9d04-a0965b1ca0f2"}}