{"uuid": "6521c6ea-7ff7-44fc-a542-9133cb5db3df", "counter": 45, "stdout": "", "start_line": 32, "end_line": 32, "runner_ident": "e0536953-c1ff-4ac8-bf1e-b6b5ec8aea71", "event": "runner_on_start", "pid": 74331, "created": "2024-03-24T23:25:58.480176", "parent_uuid": "000d3af6-48f8-dfed-b832-00000000000b", "event_data": {"playbook": "hello.yml", "playbook_uuid": "538e3ad1-4d01-4595-8405-9e2a93603ae0", "play": "Play - for Alpine's Nodejs app", "play_uuid": "000d3af6-48f8-dfed-b832-000000000008", "play_pattern": "app_group", "task": "app directory is created", "task_uuid": "000d3af6-48f8-dfed-b832-00000000000b", "task_action": "file", "resolved_action": "ansible.builtin.file", "task_args": "", "task_path": "/workspaces/ensf400-lab5-ansible/hello.yml:25", "host": "managedhost-app-2", "uuid": "6521c6ea-7ff7-44fc-a542-9133cb5db3df"}}