{"uuid": "eeeeb456-5362-43eb-8405-baaa323b7471", "counter": 48, "stdout": "\u001b[0;32mok: [managedhost-app-2]\u001b[0m", "start_line": 33, "end_line": 34, "runner_ident": "e0536953-c1ff-4ac8-bf1e-b6b5ec8aea71", "event": "runner_on_ok", "pid": 74331, "created": "2024-03-24T23:25:58.867115", "parent_uuid": "000d3af6-48f8-dfed-b832-00000000000b", "event_data": {"playbook": "hello.yml", "playbook_uuid": "538e3ad1-4d01-4595-8405-9e2a93603ae0", "play": "Play - for Alpine's Nodejs app", "play_uuid": "000d3af6-48f8-dfed-b832-000000000008", "play_pattern": "app_group", "task": "app directory is created", "task_uuid": "000d3af6-48f8-dfed-b832-00000000000b", "task_action": "file", "resolved_action": "ansible.builtin.file", "task_args": "", "task_path": "/workspaces/ensf400-lab5-ansible/hello.yml:25", "host": "managedhost-app-2", "remote_addr": "managedhost-app-2", "res": {"group": "root", "uid": 0, "changed": false, "invocation": {"module_args": {"src": null, "serole": null, "force": false, "modification_time": null, "unsafe_writes": false, "selevel": null, "seuser": null, "recurse": false, "state": "directory", "access_time_format": "%Y%m%d%H%M.%S", "_original_basename": null, "setype": null, "follow": true, "_diff_peek": null, "modification_time_format": "%Y%m%d%H%M.%S", "access_time": null, "owner": null, "group": null, "path": "/node-app", "attributes": null, "mode": null}}, "state": "directory", "gid": 0, "mode": "0755", "diff": {"after": {"path": "/node-app"}, "before": {"path": "/node-app"}}, "owner": "root", "path": "/node-app", "size": 4096, "_ansible_no_log": false}, "start": "2024-03-24T23:25:58.479992", "end": "2024-03-24T23:25:58.866962", "duration": 0.38697, "event_loop": null, "uuid": "eeeeb456-5362-43eb-8405-baaa323b7471"}}