{"uuid": "f3e2f774-7f98-4701-acd1-8d52616681e5", "counter": 5, "stdout": "", "start_line": 5, "end_line": 5, "runner_ident": "e0536953-c1ff-4ac8-bf1e-b6b5ec8aea71", "event": "runner_on_start", "pid": 74331, "created": "2024-03-24T23:25:23.685094", "parent_uuid": "000d3af6-48f8-dfed-b832-00000000001b", "event_data": {"playbook": "hello.yml", "playbook_uuid": "538e3ad1-4d01-4595-8405-9e2a93603ae0", "play": "Play - Handle Files in all hosts", "play_uuid": "000d3af6-48f8-dfed-b832-000000000005", "play_pattern": "all", "task": "Gathering Facts", "task_uuid": "000d3af6-48f8-dfed-b832-00000000001b", "task_action": "gather_facts", "resolved_action": "ansible.builtin.gather_facts", "task_args": "", "task_path": "/workspaces/ensf400-lab5-ansible/hello.yml:3", "host": "managedhost-app-1", "uuid": "f3e2f774-7f98-4701-acd1-8d52616681e5"}}