{"uuid": "000d3af6-48f8-dfed-b832-00000000000c", "counter": 50, "stdout": "\r\nTASK [app is installed] ********************************************************", "start_line": 35, "end_line": 37, "runner_ident": "e0536953-c1ff-4ac8-bf1e-b6b5ec8aea71", "event": "playbook_on_task_start", "pid": 74331, "created": "2024-03-24T23:25:58.916441", "parent_uuid": "000d3af6-48f8-dfed-b832-000000000008", "event_data": {"playbook": "hello.yml", "playbook_uuid": "538e3ad1-4d01-4595-8405-9e2a93603ae0", "play": "Play - for Alpine's Nodejs app", "play_uuid": "000d3af6-48f8-dfed-b832-000000000008", "play_pattern": "app_group", "task": "app is installed", "task_uuid": "000d3af6-48f8-dfed-b832-00000000000c", "task_action": "template", "resolved_action": "ansible.builtin.template", "task_args": "", "task_path": "/workspaces/ensf400-lab5-ansible/hello.yml:30", "name": "app is installed", "is_conditional": false, "uuid": "000d3af6-48f8-dfed-b832-00000000000c"}}