{"uuid": "9ab3565c-70a9-478a-845b-d9e9425e9e5e", "counter": 56, "stdout": "\u001b[0;32mok: [managedhost-app-2]\u001b[0m", "start_line": 39, "end_line": 40, "runner_ident": "e0536953-c1ff-4ac8-bf1e-b6b5ec8aea71", "event": "runner_on_ok", "pid": 74331, "created": "2024-03-24T23:25:59.649351", "parent_uuid": "000d3af6-48f8-dfed-b832-00000000000c", "event_data": {"playbook": "hello.yml", "playbook_uuid": "538e3ad1-4d01-4595-8405-9e2a93603ae0", "play": "Play - for Alpine's Nodejs app", "play_uuid": "000d3af6-48f8-dfed-b832-000000000008", "play_pattern": "app_group", "task": "app is installed", "task_uuid": "000d3af6-48f8-dfed-b832-00000000000c", "task_action": "template", "resolved_action": "ansible.builtin.template", "task_args": "", "task_path": "/workspaces/ensf400-lab5-ansible/hello.yml:30", "host": "managedhost-app-2", "remote_addr": "managedhost-app-2", "res": {"diff": {"after": {"path": "/node-app/app.js"}, "before": {"path": "/node-app/app.js"}}, "group": "root", "uid": 0, "changed": false, "invocation": {"module_args": {"force": false, "_original_basename": "app.js.j2", "owner": null, "follow": true, "group": null, "unsafe_writes": false, "setype": null, "serole": null, "access_time": null, "state": "file", "dest": "/node-app/app.js", "selevel": null, "access_time_format": "%Y%m%d%H%M.%S", "modification_time": null, "path": "/node-app/app.js", "src": null, "seuser": null, "recurse": false, "_diff_peek": null, "mode": null, "modification_time_format": "%Y%m%d%H%M.%S", "attributes": null}}, "state": "file", "gid": 0, "mode": "0644", "owner": "root", "path": "/node-app/app.js", "size": 231, "checksum": "e1cb1927ca4daece6fb9532d1171f33a0a168797", "dest": "/node-app/app.js", "_ansible_no_log": false}, "start": "2024-03-24T23:25:58.931165", "end": "2024-03-24T23:25:59.649220", "duration": 0.718055, "event_loop": null, "uuid": "9ab3565c-70a9-478a-845b-d9e9425e9e5e"}}