{"uuid": "c18de2ba-932e-409f-8c40-051727b7db93", "counter": 59, "stdout": "", "start_line": 42, "end_line": 42, "runner_ident": "e0536953-c1ff-4ac8-bf1e-b6b5ec8aea71", "event": "runner_on_start", "pid": 74331, "created": "2024-03-24T23:25:59.671570", "parent_uuid": "000d3af6-48f8-dfed-b832-00000000000d", "event_data": {"playbook": "hello.yml", "playbook_uuid": "538e3ad1-4d01-4595-8405-9e2a93603ae0", "play": "Play - for Alpine's Nodejs app", "play_uuid": "000d3af6-48f8-dfed-b832-000000000008", "play_pattern": "app_group", "task": "app dependencies file is copied", "task_uuid": "000d3af6-48f8-dfed-b832-00000000000d", "task_action": "copy", "resolved_action": "ansible.builtin.copy", "task_args": "", "task_path": "/workspaces/ensf400-lab5-ansible/hello.yml:35", "host": "managedhost-app-2", "uuid": "c18de2ba-932e-409f-8c40-051727b7db93"}}