{"uuid": "19fbed13-d4b5-46bd-abd1-7850cbad684c", "counter": 61, "stdout": "\u001b[0;32mok: [managedhost-app-3]\u001b[0m", "start_line": 42, "end_line": 43, "runner_ident": "e0536953-c1ff-4ac8-bf1e-b6b5ec8aea71", "event": "runner_on_ok", "pid": 74331, "created": "2024-03-24T23:26:00.319189", "parent_uuid": "000d3af6-48f8-dfed-b832-00000000000d", "event_data": {"playbook": "hello.yml", "playbook_uuid": "538e3ad1-4d01-4595-8405-9e2a93603ae0", "play": "Play - for Alpine's Nodejs app", "play_uuid": "000d3af6-48f8-dfed-b832-000000000008", "play_pattern": "app_group", "task": "app dependencies file is copied", "task_uuid": "000d3af6-48f8-dfed-b832-00000000000d", "task_action": "copy", "resolved_action": "ansible.builtin.copy", "task_args": "", "task_path": "/workspaces/ensf400-lab5-ansible/hello.yml:35", "host": "managedhost-app-3", "remote_addr": "managedhost-app-3", "res": {"diff": {"after": {"path": "/node-app/package.json"}, "before": {"path": "/node-app/package.json"}}, "group": "root", "uid": 0, "changed": false, "invocation": {"module_args": {"force": false, "_original_basename": "package.json", "owner": null, "follow": true, "group": null, "unsafe_writes": false, "setype": null, "serole": null, "access_time": null, "state": "file", "dest": "/node-app/package.json", "selevel": null, "access_time_format": "%Y%m%d%H%M.%S", "modification_time": null, "path": "/node-app/package.json", "src": null, "seuser": null, "recurse": false, "_diff_peek": null, "mode": null, "modification_time_format": "%Y%m%d%H%M.%S", "attributes": null}}, "state": "file", "gid": 0, "mode": "0644", "owner": "root", "path": "/node-app/package.json", "size": 339, "checksum": "8e5613d62b8512c27bed300a61be3c3737ea743e", "dest": "/node-app/package.json", "_ansible_no_log": false}, "start": "2024-03-24T23:25:59.686296", "end": "2024-03-24T23:26:00.318951", "duration": 0.632655, "event_loop": null, "uuid": "19fbed13-d4b5-46bd-abd1-7850cbad684c"}}