{"uuid": "000d3af6-48f8-dfed-b832-00000000000e", "counter": 64, "stdout": "\r\nTASK [app dependencies are installed] ******************************************", "start_line": 45, "end_line": 47, "runner_ident": "e0536953-c1ff-4ac8-bf1e-b6b5ec8aea71", "event": "playbook_on_task_start", "pid": 74331, "created": "2024-03-24T23:26:00.397975", "parent_uuid": "000d3af6-48f8-dfed-b832-000000000008", "event_data": {"playbook": "hello.yml", "playbook_uuid": "538e3ad1-4d01-4595-8405-9e2a93603ae0", "play": "Play - for Alpine's Nodejs app", "play_uuid": "000d3af6-48f8-dfed-b832-000000000008", "play_pattern": "app_group", "task": "app dependencies are installed", "task_uuid": "000d3af6-48f8-dfed-b832-00000000000e", "task_action": "npm", "resolved_action": "community.general.npm", "task_args": "", "task_path": "/workspaces/ensf400-lab5-ansible/hello.yml:40", "name": "app dependencies are installed", "is_conditional": false, "uuid": "000d3af6-48f8-dfed-b832-00000000000e"}}