{"uuid": "42456a39-3e33-48de-8603-095e495e01df", "counter": 66, "stdout": "", "start_line": 47, "end_line": 47, "runner_ident": "e0536953-c1ff-4ac8-bf1e-b6b5ec8aea71", "event": "runner_on_start", "pid": 74331, "created": "2024-03-24T23:26:00.412749", "parent_uuid": "000d3af6-48f8-dfed-b832-00000000000e", "event_data": {"playbook": "hello.yml", "playbook_uuid": "538e3ad1-4d01-4595-8405-9e2a93603ae0", "play": "Play - for Alpine's Nodejs app", "play_uuid": "000d3af6-48f8-dfed-b832-000000000008", "play_pattern": "app_group", "task": "app dependencies are installed", "task_uuid": "000d3af6-48f8-dfed-b832-00000000000e", "task_action": "npm", "resolved_action": "community.general.npm", "task_args": "", "task_path": "/workspaces/ensf400-lab5-ansible/hello.yml:40", "host": "managedhost-app-2", "uuid": "42456a39-3e33-48de-8603-095e495e01df"}}