{"uuid": "d362e815-b449-4fa9-bc81-a3ee7ecf9b1f", "counter": 69, "stdout": "\u001b[0;32mok: [managedhost-app-2]\u001b[0m", "start_line": 48, "end_line": 49, "runner_ident": "e0536953-c1ff-4ac8-bf1e-b6b5ec8aea71", "event": "runner_on_ok", "pid": 74331, "created": "2024-03-24T23:26:03.886572", "parent_uuid": "000d3af6-48f8-dfed-b832-00000000000e", "event_data": {"playbook": "hello.yml", "playbook_uuid": "538e3ad1-4d01-4595-8405-9e2a93603ae0", "play": "Play - for Alpine's Nodejs app", "play_uuid": "000d3af6-48f8-dfed-b832-000000000008", "play_pattern": "app_group", "task": "app dependencies are installed", "task_uuid": "000d3af6-48f8-dfed-b832-00000000000e", "task_action": "npm", "resolved_action": "community.general.npm", "task_args": "", "task_path": "/workspaces/ensf400-lab5-ansible/hello.yml:40", "host": "managedhost-app-2", "remote_addr": "managedhost-app-2", "res": {"invocation": {"module_args": {"ci": false, "name": null, "global": false, "ignore_scripts": false, "no_optional": false, "state": "present", "production": true, "unsafe_perm": false, "no_bin_links": false, "version": null, "path": "/node-app", "executable": null, "registry": null}}, "changed": false, "_ansible_no_log": false}, "start": "2024-03-24T23:26:00.412566", "end": "2024-03-24T23:26:03.886368", "duration": 3.473802, "event_loop": null, "uuid": "d362e815-b449-4fa9-bc81-a3ee7ecf9b1f"}}