{"uuid": "795ef0a5-e82d-4b07-ab1b-234f4a473625", "counter": 70, "stdout": "\u001b[0;32mok: [managedhost-app-3]\u001b[0m", "start_line": 49, "end_line": 50, "runner_ident": "e0536953-c1ff-4ac8-bf1e-b6b5ec8aea71", "event": "runner_on_ok", "pid": 74331, "created": "2024-03-24T23:26:03.988850", "parent_uuid": "000d3af6-48f8-dfed-b832-00000000000e", "event_data": {"playbook": "hello.yml", "playbook_uuid": "538e3ad1-4d01-4595-8405-9e2a93603ae0", "play": "Play - for Alpine's Nodejs app", "play_uuid": "000d3af6-48f8-dfed-b832-000000000008", "play_pattern": "app_group", "task": "app dependencies are installed", "task_uuid": "000d3af6-48f8-dfed-b832-00000000000e", "task_action": "npm", "resolved_action": "community.general.npm", "task_args": "", "task_path": "/workspaces/ensf400-lab5-ansible/hello.yml:40", "host": "managedhost-app-3", "remote_addr": "managedhost-app-3", "res": {"invocation": {"module_args": {"ci": false, "name": null, "global": false, "ignore_scripts": false, "no_optional": false, "state": "present", "production": true, "unsafe_perm": false, "no_bin_links": false, "version": null, "path": "/node-app", "executable": null, "registry": null}}, "changed": false, "_ansible_no_log": false}, "start": "2024-03-24T23:26:00.433425", "end": "2024-03-24T23:26:03.988716", "duration": 3.555291, "event_loop": null, "uuid": "795ef0a5-e82d-4b07-ab1b-234f4a473625"}}