{"uuid": "40336ee1-b804-4f5e-afea-0d5d6f0c36ff", "counter": 76, "stdout": "\u001b[0;32mok: [managedhost-app-3]\u001b[0m", "start_line": 53, "end_line": 54, "runner_ident": "e0536953-c1ff-4ac8-bf1e-b6b5ec8aea71", "event": "runner_on_ok", "pid": 74331, "created": "2024-03-24T23:26:12.018298", "parent_uuid": "000d3af6-48f8-dfed-b832-00000000000f", "event_data": {"playbook": "hello.yml", "playbook_uuid": "538e3ad1-4d01-4595-8405-9e2a93603ae0", "play": "Play - for Alpine's Nodejs app", "play_uuid": "000d3af6-48f8-dfed-b832-000000000008", "play_pattern": "app_group", "task": "Install forever (to run Node.js app)", "task_uuid": "000d3af6-48f8-dfed-b832-00000000000f", "task_action": "npm", "resolved_action": "community.general.npm", "task_args": "", "task_path": "/workspaces/ensf400-lab5-ansible/hello.yml:46", "host": "managedhost-app-3", "remote_addr": "managedhost-app-3", "res": {"invocation": {"module_args": {"ci": false, "name": "forever", "global": true, "ignore_scripts": false, "no_optional": false, "state": "present", "production": false, "unsafe_perm": false, "no_bin_links": false, "version": null, "path": null, "executable": null, "registry": null}}, "changed": false, "_ansible_no_log": false}, "start": "2024-03-24T23:26:04.029810", "end": "2024-03-24T23:26:12.018162", "duration": 7.988352, "event_loop": null, "uuid": "40336ee1-b804-4f5e-afea-0d5d6f0c36ff"}}