{"uuid": "000d3af6-48f8-dfed-b832-000000000010", "counter": 78, "stdout": "\r\nTASK [Check list of Node.js apps running] **************************************", "start_line": 55, "end_line": 57, "runner_ident": "e0536953-c1ff-4ac8-bf1e-b6b5ec8aea71", "event": "playbook_on_task_start", "pid": 74331, "created": "2024-03-24T23:26:12.041973", "parent_uuid": "000d3af6-48f8-dfed-b832-000000000008", "event_data": {"playbook": "hello.yml", "playbook_uuid": "538e3ad1-4d01-4595-8405-9e2a93603ae0", "play": "Play - for Alpine's Nodejs app", "play_uuid": "000d3af6-48f8-dfed-b832-000000000008", "play_pattern": "app_group", "task": "Check list of Node.js apps running", "task_uuid": "000d3af6-48f8-dfed-b832-000000000010", "task_action": "command", "resolved_action": "ansible.builtin.command", "task_args": "", "task_path": "/workspaces/ensf400-lab5-ansible/hello.yml:52", "name": "Check list of Node.js apps running", "is_conditional": false, "uuid": "000d3af6-48f8-dfed-b832-000000000010"}}