{"uuid": "65c6c91a-7c0b-40d9-8f08-87dc0459bf8c", "counter": 84, "stdout": "\u001b[0;32mok: [managedhost-app-2]\u001b[0m", "start_line": 59, "end_line": 60, "runner_ident": "e0536953-c1ff-4ac8-bf1e-b6b5ec8aea71", "event": "runner_on_ok", "pid": 74331, "created": "2024-03-24T23:26:14.752953", "parent_uuid": "000d3af6-48f8-dfed-b832-000000000010", "event_data": {"playbook": "hello.yml", "playbook_uuid": "538e3ad1-4d01-4595-8405-9e2a93603ae0", "play": "Play - for Alpine's Nodejs app", "play_uuid": "000d3af6-48f8-dfed-b832-000000000008", "play_pattern": "app_group", "task": "Check list of Node.js apps running", "task_uuid": "000d3af6-48f8-dfed-b832-000000000010", "task_action": "command", "resolved_action": "ansible.builtin.command", "task_args": "", "task_path": "/workspaces/ensf400-lab5-ansible/hello.yml:52", "host": "managedhost-app-2", "remote_addr": "managedhost-app-2", "res": {"changed": false, "end": "2024-03-24 23:26:14.729997", "stdout": "\u001b[32minfo\u001b[39m:    Forever processes running\n\u001b[90mdata\u001b[39m:    \u001b[37m   \u001b[39m \u001b[37muid\u001b[39m  \u001b[90mcommand\u001b[39m       \u001b[90mscript\u001b[39m           \u001b[37mforever\u001b[39m \u001b[37mpid\u001b[39m \u001b[37mid\u001b[39m \u001b[35mlogfile\u001b[39m                 \u001b[33muptime\u001b[39m                   \n\u001b[90mdata\u001b[39m:    [0] CmoL \u001b[90m/usr/bin/node\u001b[39m \u001b[90m/node-app/app.js\u001b[39m 379     388    \u001b[35m/root/.forever/CmoL.log\u001b[39m \u001b[33m0:2:27:53.69499999999971\u001b[39m ", "cmd": ["forever", "list"], "rc": 0, "start": "2024-03-24 23:26:12.497263", "stderr": "", "delta": "0:00:02.232734", "invocation": {"module_args": {"executable": null, "_uses_shell": false, "expand_argument_vars": true, "strip_empty_ends": true, "_raw_params": "forever list", "removes": null, "argv": null, "creates": null, "chdir": null, "stdin_add_newline": true, "stdin": null}}, "msg": "", "stdout_lines": ["\u001b[32minfo\u001b[39m:    Forever processes running", "\u001b[90mdata\u001b[39m:    \u001b[37m   \u001b[39m \u001b[37muid\u001b[39m  \u001b[90mcommand\u001b[39m       \u001b[90mscript\u001b[39m           \u001b[37mforever\u001b[39m \u001b[37mpid\u001b[39m \u001b[37mid\u001b[39m \u001b[35mlogfile\u001b[39m                 \u001b[33muptime\u001b[39m                   ", "\u001b[90mdata\u001b[39m:    [0] CmoL \u001b[90m/usr/bin/node\u001b[39m \u001b[90m/node-app/app.js\u001b[39m 379     388    \u001b[35m/root/.forever/CmoL.log\u001b[39m \u001b[33m0:2:27:53.69499999999971\u001b[39m "], "stderr_lines": [], "_ansible_no_log": false}, "start": "2024-03-24T23:26:12.057258", "end": "2024-03-24T23:26:14.752817", "duration": 2.695559, "event_loop": null, "uuid": "65c6c91a-7c0b-40d9-8f08-87dc0459bf8c"}}