{"uuid": "2d3367f6-0b4f-48c1-9086-d444d5c9e144", "counter": 88, "stdout": "\u001b[0;36mskipping: [managedhost-app-1]\u001b[0m", "start_line": 62, "end_line": 63, "runner_ident": "e0536953-c1ff-4ac8-bf1e-b6b5ec8aea71", "event": "runner_on_skipped", "pid": 74331, "created": "2024-03-24T23:26:14.783513", "parent_uuid": "000d3af6-48f8-dfed-b832-000000000011", "event_data": {"playbook": "hello.yml", "playbook_uuid": "538e3ad1-4d01-4595-8405-9e2a93603ae0", "play": "Play - for Alpine's Nodejs app", "play_uuid": "000d3af6-48f8-dfed-b832-000000000008", "play_pattern": "app_group", "task": "Start example Node.js app", "task_uuid": "000d3af6-48f8-dfed-b832-000000000011", "task_action": "command", "resolved_action": "ansible.builtin.command", "task_args": "", "task_path": "/workspaces/ensf400-lab5-ansible/hello.yml:57", "host": "managedhost-app-1", "remote_addr": "managedhost-app-1", "start": "2024-03-24T23:26:14.762528", "end": "2024-03-24T23:26:14.783104", "duration": 0.020576, "event_loop": null, "uuid": "2d3367f6-0b4f-48c1-9086-d444d5c9e144"}}