{"uuid": "36ae225e-308f-43fe-8406-4b05be0fbf1d", "counter": 89, "stdout": "", "start_line": 63, "end_line": 63, "runner_ident": "e0536953-c1ff-4ac8-bf1e-b6b5ec8aea71", "event": "runner_on_start", "pid": 74331, "created": "2024-03-24T23:26:14.794727", "parent_uuid": "000d3af6-48f8-dfed-b832-000000000011", "event_data": {"playbook": "hello.yml", "playbook_uuid": "538e3ad1-4d01-4595-8405-9e2a93603ae0", "play": "Play - for Alpine's Nodejs app", "play_uuid": "000d3af6-48f8-dfed-b832-000000000008", "play_pattern": "app_group", "task": "Start example Node.js app", "task_uuid": "000d3af6-48f8-dfed-b832-000000000011", "task_action": "command", "resolved_action": "ansible.builtin.command", "task_args": "", "task_path": "/workspaces/ensf400-lab5-ansible/hello.yml:57", "host": "managedhost-app-3", "uuid": "36ae225e-308f-43fe-8406-4b05be0fbf1d"}}