{"uuid": "e23f83a6-fba9-40cd-aff3-ebe7ca751f5a", "counter": 91, "stdout": "\u001b[0;36mskipping: [managedhost-app-3]\u001b[0m", "start_line": 64, "end_line": 65, "runner_ident": "e0536953-c1ff-4ac8-bf1e-b6b5ec8aea71", "event": "runner_on_skipped", "pid": 74331, "created": "2024-03-24T23:26:14.809510", "parent_uuid": "000d3af6-48f8-dfed-b832-000000000011", "event_data": {"playbook": "hello.yml", "playbook_uuid": "538e3ad1-4d01-4595-8405-9e2a93603ae0", "play": "Play - for Alpine's Nodejs app", "play_uuid": "000d3af6-48f8-dfed-b832-000000000008", "play_pattern": "app_group", "task": "Start example Node.js app", "task_uuid": "000d3af6-48f8-dfed-b832-000000000011", "task_action": "command", "resolved_action": "ansible.builtin.command", "task_args": "", "task_path": "/workspaces/ensf400-lab5-ansible/hello.yml:57", "host": "managedhost-app-3", "remote_addr": "managedhost-app-3", "start": "2024-03-24T23:26:14.794612", "end": "2024-03-24T23:26:14.809411", "duration": 0.014799, "event_loop": null, "uuid": "e23f83a6-fba9-40cd-aff3-ebe7ca751f5a"}}