{"uuid": "000d3af6-48f8-dfed-b832-000000000012", "counter": 92, "stdout": "\r\nPLAY [Install and configure Nginx as a load balancer] **************************", "start_line": 65, "end_line": 67, "runner_ident": "e0536953-c1ff-4ac8-bf1e-b6b5ec8aea71", "event": "playbook_on_play_start", "pid": 74331, "created": "2024-03-24T23:26:14.859096", "parent_uuid": "538e3ad1-4d01-4595-8405-9e2a93603ae0", "event_data": {"playbook": "hello.yml", "playbook_uuid": "538e3ad1-4d01-4595-8405-9e2a93603ae0", "play": "Install and configure Nginx as a load balancer", "play_uuid": "000d3af6-48f8-dfed-b832-000000000012", "play_pattern": "localhost", "name": "Install and configure Nginx as a load balancer", "pattern": "localhost", "uuid": "000d3af6-48f8-dfed-b832-000000000012"}}