{"uuid": "000d3af6-48f8-dfed-b832-000000000096", "counter": 93, "stdout": "\r\nTASK [Gathering Facts] *********************************************************", "start_line": 67, "end_line": 69, "runner_ident": "e0536953-c1ff-4ac8-bf1e-b6b5ec8aea71", "event": "playbook_on_task_start", "pid": 74331, "created": "2024-03-24T23:26:14.866622", "parent_uuid": "000d3af6-48f8-dfed-b832-000000000012", "event_data": {"playbook": "hello.yml", "playbook_uuid": "538e3ad1-4d01-4595-8405-9e2a93603ae0", "play": "Install and configure Nginx as a load balancer", "play_uuid": "000d3af6-48f8-dfed-b832-000000000012", "play_pattern": "localhost", "task": "Gathering Facts", "task_uuid": "000d3af6-48f8-dfed-b832-000000000096", "task_action": "gather_facts", "resolved_action": "ansible.builtin.gather_facts", "task_args": "", "task_path": "/workspaces/ensf400-lab5-ansible/hello.yml:62", "name": "Gathering Facts", "is_conditional": false, "uuid": "000d3af6-48f8-dfed-b832-000000000096"}}