{"uuid": "4833326b-5fb8-4f62-88c3-3389dd4d18f0", "counter": 94, "stdout": "", "start_line": 69, "end_line": 69, "runner_ident": "e0536953-c1ff-4ac8-bf1e-b6b5ec8aea71", "event": "runner_on_start", "pid": 74331, "created": "2024-03-24T23:26:14.868930", "parent_uuid": "000d3af6-48f8-dfed-b832-000000000096", "event_data": {"playbook": "hello.yml", "playbook_uuid": "538e3ad1-4d01-4595-8405-9e2a93603ae0", "play": "Install and configure Nginx as a load balancer", "play_uuid": "000d3af6-48f8-dfed-b832-000000000012", "play_pattern": "localhost", "task": "Gathering Facts", "task_uuid": "000d3af6-48f8-dfed-b832-000000000096", "task_action": "gather_facts", "resolved_action": "ansible.builtin.gather_facts", "task_args": "", "task_path": "/workspaces/ensf400-lab5-ansible/hello.yml:62", "host": "localhost", "uuid": "4833326b-5fb8-4f62-88c3-3389dd4d18f0"}}