{"uuid": "000d3af6-48f8-dfed-b832-000000000014", "counter": 96, "stdout": "\r\nTASK [Install Nginx] ***********************************************************", "start_line": 70, "end_line": 72, "runner_ident": "e0536953-c1ff-4ac8-bf1e-b6b5ec8aea71", "event": "playbook_on_task_start", "pid": 74331, "created": "2024-03-24T23:26:15.572085", "parent_uuid": "000d3af6-48f8-dfed-b832-000000000012", "event_data": {"playbook": "hello.yml", "playbook_uuid": "538e3ad1-4d01-4595-8405-9e2a93603ae0", "play": "Install and configure Nginx as a load balancer", "play_uuid": "000d3af6-48f8-dfed-b832-000000000012", "play_pattern": "localhost", "task": "Install Nginx", "task_uuid": "000d3af6-48f8-dfed-b832-000000000014", "task_action": "apt", "resolved_action": "ansible.builtin.apt", "task_args": "", "task_path": "/workspaces/ensf400-lab5-ansible/hello.yml:66", "name": "Install Nginx", "is_conditional": false, "uuid": "000d3af6-48f8-dfed-b832-000000000014"}}