{"uuid": "a787b173-5062-49ab-8e0e-f9f0610f67cd", "counter": 98, "stdout": "\u001b[0;32mok: [localhost]\u001b[0m", "start_line": 72, "end_line": 73, "runner_ident": "e0536953-c1ff-4ac8-bf1e-b6b5ec8aea71", "event": "runner_on_ok", "pid": 74331, "created": "2024-03-24T23:26:19.968228", "parent_uuid": "000d3af6-48f8-dfed-b832-000000000014", "event_data": {"playbook": "hello.yml", "playbook_uuid": "538e3ad1-4d01-4595-8405-9e2a93603ae0", "play": "Install and configure Nginx as a load balancer", "play_uuid": "000d3af6-48f8-dfed-b832-000000000012", "play_pattern": "localhost", "task": "Install Nginx", "task_uuid": "000d3af6-48f8-dfed-b832-000000000014", "task_action": "apt", "resolved_action": "ansible.builtin.apt", "task_args": "", "task_path": "/workspaces/ensf400-lab5-ansible/hello.yml:66", "host": "localhost", "remote_addr": "localhost", "res": {"changed": false, "cache_updated": false, "cache_update_time": 1711321894, "invocation": {"module_args": {"name": "nginx", "update_cache": true, "state": "present", "package": ["nginx"], "update_cache_retries": 5, "update_cache_retry_max_delay": 12, "cache_valid_time": 0, "purge": false, "force": false, "upgrade": null, "dpkg_options": "force-confdef,force-confold", "autoremove": false, "autoclean": false, "fail_on_autoremove": false, "only_upgrade": false, "force_apt_get": false, "clean": false, "allow_unauthenticated": false, "allow_downgrade": false, "allow_change_held_packages": false, "lock_timeout": 60, "deb": null, "default_release": null, "install_recommends": null, "policy_rc_d": null}}, "_ansible_no_log": false}, "start": "2024-03-24T23:26:15.573228", "end": "2024-03-24T23:26:19.968012", "duration": 4.394784, "event_loop": null, "uuid": "a787b173-5062-49ab-8e0e-f9f0610f67cd"}}