{"uuid": "000d3af6-48f8-dfed-b832-000000000015", "counter": 99, "stdout": "\r\nTASK [Remove default Nginx configuration] **************************************", "start_line": 73, "end_line": 75, "runner_ident": "e0536953-c1ff-4ac8-bf1e-b6b5ec8aea71", "event": "playbook_on_task_start", "pid": 74331, "created": "2024-03-24T23:26:19.979278", "parent_uuid": "000d3af6-48f8-dfed-b832-000000000012", "event_data": {"playbook": "hello.yml", "playbook_uuid": "538e3ad1-4d01-4595-8405-9e2a93603ae0", "play": "Install and configure Nginx as a load balancer", "play_uuid": "000d3af6-48f8-dfed-b832-000000000012", "play_pattern": "localhost", "task": "Remove default Nginx configuration", "task_uuid": "000d3af6-48f8-dfed-b832-000000000015", "task_action": "file", "resolved_action": "ansible.builtin.file", "task_args": "", "task_path": "/workspaces/ensf400-lab5-ansible/hello.yml:72", "name": "Remove default Nginx configuration", "is_conditional": false, "uuid": "000d3af6-48f8-dfed-b832-000000000015"}}