{"uuid": "fc763a00-d429-4386-88c8-f53ab94c054a", "counter": 10, "stdout": "\u001b[0;32mok: [localhost]\u001b[0m", "start_line": 6, "end_line": 7, "runner_ident": "82d0b12b-f9d0-480c-a288-3d6d10b80f54", "event": "runner_on_ok", "pid": 83318, "created": "2024-03-24T23:39:44.837231", "parent_uuid": "000d3af6-48f8-5cb7-6f17-000000000007", "event_data": {"playbook": "ping.yml", "playbook_uuid": "5dd9c0d0-2c04-47f0-b7ae-501eaaca01b0", "play": "Ping all hosts", "play_uuid": "000d3af6-48f8-5cb7-6f17-000000000005", "play_pattern": "all", "task": "Test connectivity with ping", "task_uuid": "000d3af6-48f8-5cb7-6f17-000000000007", "task_action": "ping", "resolved_action": "ansible.builtin.ping", "task_args": "", "task_path": "/workspaces/ensf400-lab5-ansible/ping.yml:7", "host": "localhost", "remote_addr": "localhost", "res": {"ping": "pong", "invocation": {"module_args": {"data": "pong"}}, "ansible_facts": {"discovered_interpreter_python": "/usr/bin/python3"}, "_ansible_no_log": false, "changed": false}, "start": "2024-03-24T23:39:44.095471", "end": "2024-03-24T23:39:44.837093", "duration": 0.741622, "event_loop": null, "uuid": "fc763a00-d429-4386-88c8-f53ab94c054a"}}