{"uuid": "66bfd16c-1a8c-467d-b7c6-3db075537049", "counter": 11, "stdout": "\u001b[0;32mok: [managedhost-app-3]\u001b[0m", "start_line": 7, "end_line": 8, "runner_ident": "82d0b12b-f9d0-480c-a288-3d6d10b80f54", "event": "runner_on_ok", "pid": 83318, "created": "2024-03-24T23:39:44.860705", "parent_uuid": "000d3af6-48f8-5cb7-6f17-000000000007", "event_data": {"playbook": "ping.yml", "playbook_uuid": "5dd9c0d0-2c04-47f0-b7ae-501eaaca01b0", "play": "Ping all hosts", "play_uuid": "000d3af6-48f8-5cb7-6f17-000000000005", "play_pattern": "all", "task": "Test connectivity with ping", "task_uuid": "000d3af6-48f8-5cb7-6f17-000000000007", "task_action": "ping", "resolved_action": "ansible.builtin.ping", "task_args": "", "task_path": "/workspaces/ensf400-lab5-ansible/ping.yml:7", "host": "managedhost-app-3", "remote_addr": "managedhost-app-3", "res": {"invocation": {"module_args": {"data": "pong"}}, "ping": "pong", "ansible_facts": {"discovered_interpreter_python": "/usr/bin/python2.7"}, "warnings": ["Platform linux on host managedhost-app-3 is using the discovered Python interpreter at /usr/bin/python2.7, but future installation of another Python interpreter could change the meaning of that path. See https://docs.ansible.com/ansible-core/2.16/reference_appendices/interpreter_discovery.html for more information."], "_ansible_no_log": false, "changed": false}, "start": "2024-03-24T23:39:44.072546", "end": "2024-03-24T23:39:44.860575", "duration": 0.788029, "event_loop": null, "uuid": "66bfd16c-1a8c-467d-b7c6-3db075537049"}}