{"uuid": "efbf4982-ed54-423b-bafc-4bf8132fe66a", "counter": 13, "stdout": "\r\nPLAY RECAP *********************************************************************\r\n\u001b[0;32mlocalhost\u001b[0m                  : \u001b[0;32mok=1   \u001b[0m changed=0    unreachable=0    failed=0    skipped=0    rescued=0    ignored=0   \r\n\u001b[0;32mmanagedhost-app-1\u001b[0m          : \u001b[0;32mok=1   \u001b[0m changed=0    unreachable=0    failed=0    skipped=0    rescued=0    ignored=0   \r\n\u001b[0;32mmanagedhost-app-2\u001b[0m          : \u001b[0;32mok=1   \u001b[0m changed=0    unreachable=0    failed=0    skipped=0    rescued=0    ignored=0   \r\n\u001b[0;32mmanagedhost-app-3\u001b[0m          : \u001b[0;32mok=1   \u001b[0m changed=0    unreachable=0    failed=0    skipped=0    rescued=0    ignored=0   ", "start_line": 9, "end_line": 16, "runner_ident": "82d0b12b-f9d0-480c-a288-3d6d10b80f54", "event": "playbook_on_stats", "pid": 83318, "created": "2024-03-24T23:39:44.910222", "parent_uuid": "5dd9c0d0-2c04-47f0-b7ae-501eaaca01b0", "event_data": {"playbook": "ping.yml", "playbook_uuid": "5dd9c0d0-2c04-47f0-b7ae-501eaaca01b0", "changed": {}, "dark": {}, "failures": {}, "ignored": {}, "ok": {"managedhost-app-1": 1, "localhost": 1, "managedhost-app-3": 1, "managedhost-app-2": 1}, "processed": {"managedhost-app-1": 1, "localhost": 1, "managedhost-app-3": 1, "managedhost-app-2": 1}, "rescued": {}, "skipped": {}, "artifact_data": {}, "uuid": "efbf4982-ed54-423b-bafc-4bf8132fe66a"}}