{"uuid": "000d3af6-48f8-5cb7-6f17-000000000005", "counter": 3, "stdout": "\r\nPLAY [Ping all hosts] **********************************************************", "start_line": 1, "end_line": 3, "runner_ident": "82d0b12b-f9d0-480c-a288-3d6d10b80f54", "event": "playbook_on_play_start", "pid": 83318, "created": "2024-03-24T23:39:44.034131", "parent_uuid": "5dd9c0d0-2c04-47f0-b7ae-501eaaca01b0", "event_data": {"playbook": "ping.yml", "playbook_uuid": "5dd9c0d0-2c04-47f0-b7ae-501eaaca01b0", "play": "Ping all hosts", "play_uuid": "000d3af6-48f8-5cb7-6f17-000000000005", "play_pattern": "all", "name": "Ping all hosts", "pattern": "all", "uuid": "000d3af6-48f8-5cb7-6f17-000000000005"}}