{"uuid": "000d3af6-48f8-5cb7-6f17-000000000007", "counter": 4, "stdout": "\r\nTASK [Test connectivity with ping] *********************************************", "start_line": 3, "end_line": 5, "runner_ident": "82d0b12b-f9d0-480c-a288-3d6d10b80f54", "event": "playbook_on_task_start", "pid": 83318, "created": "2024-03-24T23:39:44.048398", "parent_uuid": "000d3af6-48f8-5cb7-6f17-000000000005", "event_data": {"playbook": "ping.yml", "playbook_uuid": "5dd9c0d0-2c04-47f0-b7ae-501eaaca01b0", "play": "Ping all hosts", "play_uuid": "000d3af6-48f8-5cb7-6f17-000000000005", "play_pattern": "all", "task": "Test connectivity with ping", "task_uuid": "000d3af6-48f8-5cb7-6f17-000000000007", "task_action": "ping", "resolved_action": "ansible.builtin.ping", "task_args": "", "task_path": "/workspaces/ensf400-lab5-ansible/ping.yml:7", "name": "Test connectivity with ping", "is_conditional": false, "uuid": "000d3af6-48f8-5cb7-6f17-000000000007"}}