{"uuid": "000d3af6-48f8-f385-bcfc-000000000007", "counter": 13, "stdout": "\r\nTASK [all host are identified with a file] *************************************", "start_line": 9, "end_line": 11, "runner_ident": "76b68145-2d7f-4f69-a0f7-e75aeab9c631", "event": "playbook_on_task_start", "pid": 61983, "created": "2024-03-24T23:01:31.996260", "parent_uuid": "000d3af6-48f8-f385-bcfc-000000000005", "event_data": {"playbook": "hello.yml", "playbook_uuid": "83701a57-b7ef-4c61-bbd1-2cb7cfba6925", "play": "Play - Handle Files in all hosts", "play_uuid": "000d3af6-48f8-f385-bcfc-000000000005", "play_pattern": "all", "task": "all host are identified with a file", "task_uuid": "000d3af6-48f8-f385-bcfc-000000000007", "task_action": "copy", "resolved_action": "ansible.builtin.copy", "task_args": "", "task_path": "/workspaces/ensf400-lab5-ansible/hello.yml:5", "name": "all host are identified with a file", "is_conditional": false, "uuid": "000d3af6-48f8-f385-bcfc-000000000007"}}