{"uuid": "33d5aa3d-ad2e-4990-98b0-3eb2c499eaf1", "counter": 18, "stdout": "\u001b[0;31mfatal: [localhost]: FAILED! => {\"changed\": false, \"checksum\": \"ea1d700a72b2c7270d69514e560e017681f97dd3\", \"msg\": \"Destination / not writable\"}\u001b[0m", "start_line": 11, "end_line": 12, "runner_ident": "76b68145-2d7f-4f69-a0f7-e75aeab9c631", "event": "runner_on_failed", "pid": 61983, "created": "2024-03-24T23:01:32.929442", "parent_uuid": "000d3af6-48f8-f385-bcfc-000000000007", "event_data": {"playbook": "hello.yml", "playbook_uuid": "83701a57-b7ef-4c61-bbd1-2cb7cfba6925", "play": "Play - Handle Files in all hosts", "play_uuid": "000d3af6-48f8-f385-bcfc-000000000005", "play_pattern": "all", "task": "all host are identified with a file", "task_uuid": "000d3af6-48f8-f385-bcfc-000000000007", "task_action": "copy", "resolved_action": "ansible.builtin.copy", "task_args": "", "task_path": "/workspaces/ensf400-lab5-ansible/hello.yml:5", "host": "localhost", "remote_addr": "localhost", "res": {"diff": [], "msg": "Destination / not writable", "invocation": {"module_args": {"dest": "/family.txt", "mode": "777", "src": "/home/codespace/.ansible/tmp/ansible-tmp-1711321292.109925-62356-21026022855567/source", "_original_basename": "tmp562bqjz1", "follow": false, "checksum": "ea1d700a72b2c7270d69514e560e017681f97dd3", "backup": false, "force": true, "unsafe_writes": false, "content": null, "validate": null, "directory_mode": null, "remote_src": null, "local_follow": null, "owner": null, "group": null, "seuser": null, "serole": null, "selevel": null, "setype": null, "attributes": null}}, "checksum": "ea1d700a72b2c7270d69514e560e017681f97dd3", "_ansible_no_log": false, "changed": false}, "start": "2024-03-24T23:01:32.068683", "end": "2024-03-24T23:01:32.929241", "duration": 0.860558, "ignore_errors": null, "event_loop": null, "uuid": "33d5aa3d-ad2e-4990-98b0-3eb2c499eaf1"}}