{"uuid": "45b1c543-8eab-44c9-a602-0703a9df24f0", "counter": 20, "stdout": "\u001b[0;32mok: [managedhost-app-3]\u001b[0m", "start_line": 13, "end_line": 14, "runner_ident": "76b68145-2d7f-4f69-a0f7-e75aeab9c631", "event": "runner_on_ok", "pid": 61983, "created": "2024-03-24T23:01:33.259319", "parent_uuid": "000d3af6-48f8-f385-bcfc-000000000007", "event_data": {"playbook": "hello.yml", "playbook_uuid": "83701a57-b7ef-4c61-bbd1-2cb7cfba6925", "play": "Play - Handle Files in all hosts", "play_uuid": "000d3af6-48f8-f385-bcfc-000000000005", "play_pattern": "all", "task": "all host are identified with a file", "task_uuid": "000d3af6-48f8-f385-bcfc-000000000007", "task_action": "copy", "resolved_action": "ansible.builtin.copy", "task_args": "", "task_path": "/workspaces/ensf400-lab5-ansible/hello.yml:5", "host": "managedhost-app-3", "remote_addr": "managedhost-app-3", "res": {"diff": {"after": {"path": "/family.txt"}, "before": {"path": "/family.txt"}}, "group": "root", "uid": 0, "changed": false, "invocation": {"module_args": {"force": false, "_original_basename": "tmpaj36lxt0", "owner": null, "follow": true, "group": null, "unsafe_writes": false, "setype": null, "serole": null, "access_time": null, "state": "file", "dest": "/family.txt", "selevel": null, "access_time_format": "%Y%m%d%H%M.%S", "modification_time": null, "path": "/family.txt", "src": null, "seuser": null, "recurse": false, "_diff_peek": null, "mode": "777", "modification_time_format": "%Y%m%d%H%M.%S", "attributes": null}}, "state": "file", "gid": 0, "mode": "0777", "owner": "root", "path": "/family.txt", "size": 19, "checksum": "c7083a5560242f37bbd438a113f2a4496ddfdc4d", "dest": "/family.txt", "_ansible_no_log": false}, "start": "2024-03-24T23:01:32.034178", "end": "2024-03-24T23:01:33.259188", "duration": 1.22501, "event_loop": null, "uuid": "45b1c543-8eab-44c9-a602-0703a9df24f0"}}