{"uuid": "000d3af6-48f8-f385-bcfc-000000000008", "counter": 22, "stdout": "\r\nPLAY [Play - for Alpine's Nodejs app] ******************************************", "start_line": 15, "end_line": 17, "runner_ident": "76b68145-2d7f-4f69-a0f7-e75aeab9c631", "event": "playbook_on_play_start", "pid": 61983, "created": "2024-03-24T23:01:33.340507", "parent_uuid": "83701a57-b7ef-4c61-bbd1-2cb7cfba6925", "event_data": {"playbook": "hello.yml", "playbook_uuid": "83701a57-b7ef-4c61-bbd1-2cb7cfba6925", "play": "Play - for Alpine's Nodejs app", "play_uuid": "000d3af6-48f8-f385-bcfc-000000000008", "play_pattern": "app_group", "name": "Play - for Alpine's Nodejs app", "pattern": "app_group", "uuid": "000d3af6-48f8-f385-bcfc-000000000008"}}