{"uuid": "000d3af6-48f8-f385-bcfc-00000000003d", "counter": 23, "stdout": "\r\nTASK [Gathering Facts] *********************************************************", "start_line": 17, "end_line": 19, "runner_ident": "76b68145-2d7f-4f69-a0f7-e75aeab9c631", "event": "playbook_on_task_start", "pid": 61983, "created": "2024-03-24T23:01:33.347900", "parent_uuid": "000d3af6-48f8-f385-bcfc-000000000008", "event_data": {"playbook": "hello.yml", "playbook_uuid": "83701a57-b7ef-4c61-bbd1-2cb7cfba6925", "play": "Play - for Alpine's Nodejs app", "play_uuid": "000d3af6-48f8-f385-bcfc-000000000008", "play_pattern": "app_group", "task": "Gathering Facts", "task_uuid": "000d3af6-48f8-f385-bcfc-00000000003d", "task_action": "gather_facts", "resolved_action": "ansible.builtin.gather_facts", "task_args": "", "task_path": "/workspaces/ensf400-lab5-ansible/hello.yml:12", "name": "Gathering Facts", "is_conditional": false, "uuid": "000d3af6-48f8-f385-bcfc-00000000003d"}}