{"uuid": "000d3af6-48f8-f385-bcfc-000000000005", "counter": 3, "stdout": "\r\nPLAY [Play - Handle Files in all hosts] ****************************************", "start_line": 1, "end_line": 3, "runner_ident": "76b68145-2d7f-4f69-a0f7-e75aeab9c631", "event": "playbook_on_play_start", "pid": 61983, "created": "2024-03-24T23:01:18.735963", "parent_uuid": "83701a57-b7ef-4c61-bbd1-2cb7cfba6925", "event_data": {"playbook": "hello.yml", "playbook_uuid": "83701a57-b7ef-4c61-bbd1-2cb7cfba6925", "play": "Play - Handle Files in all hosts", "play_uuid": "000d3af6-48f8-f385-bcfc-000000000005", "play_pattern": "all", "name": "Play - Handle Files in all hosts", "pattern": "all", "uuid": "000d3af6-48f8-f385-bcfc-000000000005"}}