{"uuid": "be27b4a9-a304-473b-b8e7-61e7f02f3397", "counter": 37, "stdout": "\u001b[0;32mok: [managedhost-app-1] => (item=nodejs-npm)\u001b[0m", "start_line": 27, "end_line": 28, "runner_ident": "76b68145-2d7f-4f69-a0f7-e75aeab9c631", "event": "runner_item_on_ok", "pid": 61983, "created": "2024-03-24T23:01:53.553154", "parent_uuid": "000d3af6-48f8-f385-bcfc-00000000000a", "event_data": {"playbook": "hello.yml", "playbook_uuid": "83701a57-b7ef-4c61-bbd1-2cb7cfba6925", "play": "Play - for Alpine's Nodejs app", "play_uuid": "000d3af6-48f8-f385-bcfc-000000000008", "play_pattern": "app_group", "task": "NodeJs is installed", "task_uuid": "000d3af6-48f8-f385-bcfc-00000000000a", "task_action": "apk", "resolved_action": "community.general.apk", "task_args": "", "task_path": "/workspaces/ensf400-lab5-ansible/hello.yml:15", "host": "managedhost-app-1", "res": {"msg": "package(s) already installed", "invocation": {"module_args": {"available": false, "upgrade": false, "name": ["nodejs-npm"], "repository": null, "state": "latest", "update_cache": true, "no_cache": false, "world": "/etc/apk/world"}}, "changed": false, "_ansible_no_log": false, "item": "nodejs-npm", "ansible_loop_var": "item", "_ansible_item_label": "nodejs-npm"}, "uuid": "be27b4a9-a304-473b-b8e7-61e7f02f3397"}}