{"uuid": "712e331f-22bf-43a4-b8e7-4c21b2eac29b", "counter": 48, "stdout": "\u001b[0;32mok: [managedhost-app-3]\u001b[0m", "start_line": 33, "end_line": 34, "runner_ident": "76b68145-2d7f-4f69-a0f7-e75aeab9c631", "event": "runner_on_ok", "pid": 61983, "created": "2024-03-24T23:01:54.897504", "parent_uuid": "000d3af6-48f8-f385-bcfc-00000000000b", "event_data": {"playbook": "hello.yml", "playbook_uuid": "83701a57-b7ef-4c61-bbd1-2cb7cfba6925", "play": "Play - for Alpine's Nodejs app", "play_uuid": "000d3af6-48f8-f385-bcfc-000000000008", "play_pattern": "app_group", "task": "app directory is created", "task_uuid": "000d3af6-48f8-f385-bcfc-00000000000b", "task_action": "file", "resolved_action": "ansible.builtin.file", "task_args": "", "task_path": "/workspaces/ensf400-lab5-ansible/hello.yml:24", "host": "managedhost-app-3", "remote_addr": "managedhost-app-3", "res": {"group": "root", "uid": 0, "changed": false, "invocation": {"module_args": {"src": null, "serole": null, "force": false, "modification_time": null, "unsafe_writes": false, "selevel": null, "seuser": null, "recurse": false, "state": "directory", "access_time_format": "%Y%m%d%H%M.%S", "_original_basename": null, "setype": null, "follow": true, "_diff_peek": null, "modification_time_format": "%Y%m%d%H%M.%S", "access_time": null, "owner": null, "group": null, "path": "/node-app", "attributes": null, "mode": null}}, "state": "directory", "gid": 0, "mode": "0755", "diff": {"after": {"path": "/node-app"}, "before": {"path": "/node-app"}}, "owner": "root", "path": "/node-app", "size": 4096, "_ansible_no_log": false}, "start": "2024-03-24T23:01:54.526982", "end": "2024-03-24T23:01:54.897363", "duration": 0.370381, "event_loop": null, "uuid": "712e331f-22bf-43a4-b8e7-4c21b2eac29b"}}