{"uuid": "70061e76-7600-4eb0-bf83-ebfbf513424b", "counter": 53, "stdout": "", "start_line": 37, "end_line": 37, "runner_ident": "76b68145-2d7f-4f69-a0f7-e75aeab9c631", "event": "runner_on_start", "pid": 61983, "created": "2024-03-24T23:01:54.981598", "parent_uuid": "000d3af6-48f8-f385-bcfc-00000000000c", "event_data": {"playbook": "hello.yml", "playbook_uuid": "83701a57-b7ef-4c61-bbd1-2cb7cfba6925", "play": "Play - for Alpine's Nodejs app", "play_uuid": "000d3af6-48f8-f385-bcfc-000000000008", "play_pattern": "app_group", "task": "app is installed", "task_uuid": "000d3af6-48f8-f385-bcfc-00000000000c", "task_action": "template", "resolved_action": "ansible.builtin.template", "task_args": "", "task_path": "/workspaces/ensf400-lab5-ansible/hello.yml:29", "host": "managedhost-app-3", "uuid": "70061e76-7600-4eb0-bf83-ebfbf513424b"}}