{"uuid": "f1197d53-f9c2-4d8d-a244-5093255a93bc", "counter": 55, "stdout": "\u001b[0;32mok: [managedhost-app-3]\u001b[0m", "start_line": 38, "end_line": 39, "runner_ident": "76b68145-2d7f-4f69-a0f7-e75aeab9c631", "event": "runner_on_ok", "pid": 61983, "created": "2024-03-24T23:01:55.769776", "parent_uuid": "000d3af6-48f8-f385-bcfc-00000000000c", "event_data": {"playbook": "hello.yml", "playbook_uuid": "83701a57-b7ef-4c61-bbd1-2cb7cfba6925", "play": "Play - for Alpine's Nodejs app", "play_uuid": "000d3af6-48f8-f385-bcfc-000000000008", "play_pattern": "app_group", "task": "app is installed", "task_uuid": "000d3af6-48f8-f385-bcfc-00000000000c", "task_action": "template", "resolved_action": "ansible.builtin.template", "task_args": "", "task_path": "/workspaces/ensf400-lab5-ansible/hello.yml:29", "host": "managedhost-app-3", "remote_addr": "managedhost-app-3", "res": {"diff": {"after": {"path": "/node-app/app.js"}, "before": {"path": "/node-app/app.js"}}, "group": "root", "uid": 0, "changed": false, "invocation": {"module_args": {"force": false, "_original_basename": "app.js.j2", "owner": null, "follow": true, "group": null, "unsafe_writes": false, "setype": null, "serole": null, "access_time": null, "state": "file", "dest": "/node-app/app.js", "selevel": null, "access_time_format": "%Y%m%d%H%M.%S", "modification_time": null, "path": "/node-app/app.js", "src": null, "seuser": null, "recurse": false, "_diff_peek": null, "mode": null, "modification_time_format": "%Y%m%d%H%M.%S", "attributes": null}}, "state": "file", "gid": 0, "mode": "0644", "owner": "root", "path": "/node-app/app.js", "size": 231, "checksum": "cac1ffa0598fd024c47d37a9fcd32f4b8344ab05", "dest": "/node-app/app.js", "_ansible_no_log": false}, "start": "2024-03-24T23:01:54.981369", "end": "2024-03-24T23:01:55.769640", "duration": 0.788271, "event_loop": null, "uuid": "f1197d53-f9c2-4d8d-a244-5093255a93bc"}}