{"uuid": "000d3af6-48f8-f385-bcfc-00000000000d", "counter": 57, "stdout": "\r\nTASK [app dependencies file is copied] *****************************************", "start_line": 40, "end_line": 42, "runner_ident": "76b68145-2d7f-4f69-a0f7-e75aeab9c631", "event": "playbook_on_task_start", "pid": 61983, "created": "2024-03-24T23:01:55.807072", "parent_uuid": "000d3af6-48f8-f385-bcfc-000000000008", "event_data": {"playbook": "hello.yml", "playbook_uuid": "83701a57-b7ef-4c61-bbd1-2cb7cfba6925", "play": "Play - for Alpine's Nodejs app", "play_uuid": "000d3af6-48f8-f385-bcfc-000000000008", "play_pattern": "app_group", "task": "app dependencies file is copied", "task_uuid": "000d3af6-48f8-f385-bcfc-00000000000d", "task_action": "copy", "resolved_action": "ansible.builtin.copy", "task_args": "", "task_path": "/workspaces/ensf400-lab5-ansible/hello.yml:34", "name": "app dependencies file is copied", "is_conditional": false, "uuid": "000d3af6-48f8-f385-bcfc-00000000000d"}}