{"uuid": "c3f6a9e1-5517-4338-b0a7-416c493d608f", "counter": 60, "stdout": "", "start_line": 42, "end_line": 42, "runner_ident": "76b68145-2d7f-4f69-a0f7-e75aeab9c631", "event": "runner_on_start", "pid": 61983, "created": "2024-03-24T23:01:55.873686", "parent_uuid": "000d3af6-48f8-f385-bcfc-00000000000d", "event_data": {"playbook": "hello.yml", "playbook_uuid": "83701a57-b7ef-4c61-bbd1-2cb7cfba6925", "play": "Play - for Alpine's Nodejs app", "play_uuid": "000d3af6-48f8-f385-bcfc-000000000008", "play_pattern": "app_group", "task": "app dependencies file is copied", "task_uuid": "000d3af6-48f8-f385-bcfc-00000000000d", "task_action": "copy", "resolved_action": "ansible.builtin.copy", "task_args": "", "task_path": "/workspaces/ensf400-lab5-ansible/hello.yml:34", "host": "managedhost-app-3", "uuid": "c3f6a9e1-5517-4338-b0a7-416c493d608f"}}