{"uuid": "2199436d-f8cd-45e3-af2c-9b229f28f720", "counter": 63, "stdout": "\u001b[0;32mok: [managedhost-app-1]\u001b[0m", "start_line": 44, "end_line": 45, "runner_ident": "76b68145-2d7f-4f69-a0f7-e75aeab9c631", "event": "runner_on_ok", "pid": 61983, "created": "2024-03-24T23:01:56.675126", "parent_uuid": "000d3af6-48f8-f385-bcfc-00000000000d", "event_data": {"playbook": "hello.yml", "playbook_uuid": "83701a57-b7ef-4c61-bbd1-2cb7cfba6925", "play": "Play - for Alpine's Nodejs app", "play_uuid": "000d3af6-48f8-f385-bcfc-000000000008", "play_pattern": "app_group", "task": "app dependencies file is copied", "task_uuid": "000d3af6-48f8-f385-bcfc-00000000000d", "task_action": "copy", "resolved_action": "ansible.builtin.copy", "task_args": "", "task_path": "/workspaces/ensf400-lab5-ansible/hello.yml:34", "host": "managedhost-app-1", "remote_addr": "managedhost-app-1", "res": {"diff": {"after": {"path": "/node-app/package.json"}, "before": {"path": "/node-app/package.json"}}, "group": "root", "uid": 0, "changed": false, "invocation": {"module_args": {"force": false, "_original_basename": "package.json", "owner": null, "follow": true, "group": null, "unsafe_writes": false, "setype": null, "serole": null, "access_time": null, "state": "file", "dest": "/node-app/package.json", "selevel": null, "access_time_format": "%Y%m%d%H%M.%S", "modification_time": null, "path": "/node-app/package.json", "src": null, "seuser": null, "recurse": false, "_diff_peek": null, "mode": null, "modification_time_format": "%Y%m%d%H%M.%S", "attributes": null}}, "state": "file", "gid": 0, "mode": "0644", "owner": "root", "path": "/node-app/package.json", "size": 339, "checksum": "8e5613d62b8512c27bed300a61be3c3737ea743e", "dest": "/node-app/package.json", "_ansible_no_log": false}, "start": "2024-03-24T23:01:55.811472", "end": "2024-03-24T23:01:56.675022", "duration": 0.86355, "event_loop": null, "uuid": "2199436d-f8cd-45e3-af2c-9b229f28f720"}}