{"uuid": "236fa56b-ad19-4856-a4ce-43ea1aca9f74", "counter": 67, "stdout": "", "start_line": 47, "end_line": 47, "runner_ident": "76b68145-2d7f-4f69-a0f7-e75aeab9c631", "event": "runner_on_start", "pid": 61983, "created": "2024-03-24T23:01:56.719607", "parent_uuid": "000d3af6-48f8-f385-bcfc-00000000000e", "event_data": {"playbook": "hello.yml", "playbook_uuid": "83701a57-b7ef-4c61-bbd1-2cb7cfba6925", "play": "Play - for Alpine's Nodejs app", "play_uuid": "000d3af6-48f8-f385-bcfc-000000000008", "play_pattern": "app_group", "task": "app dependencies are installed", "task_uuid": "000d3af6-48f8-f385-bcfc-00000000000e", "task_action": "npm", "resolved_action": "community.general.npm", "task_args": "", "task_path": "/workspaces/ensf400-lab5-ansible/hello.yml:39", "host": "managedhost-app-3", "uuid": "236fa56b-ad19-4856-a4ce-43ea1aca9f74"}}