{"uuid": "27603b71-a0d9-4723-af78-311ade7ccd24", "counter": 69, "stdout": "\u001b[0;32mok: [managedhost-app-1]\u001b[0m", "start_line": 48, "end_line": 49, "runner_ident": "76b68145-2d7f-4f69-a0f7-e75aeab9c631", "event": "runner_on_ok", "pid": 61983, "created": "2024-03-24T23:02:00.255578", "parent_uuid": "000d3af6-48f8-f385-bcfc-00000000000e", "event_data": {"playbook": "hello.yml", "playbook_uuid": "83701a57-b7ef-4c61-bbd1-2cb7cfba6925", "play": "Play - for Alpine's Nodejs app", "play_uuid": "000d3af6-48f8-f385-bcfc-000000000008", "play_pattern": "app_group", "task": "app dependencies are installed", "task_uuid": "000d3af6-48f8-f385-bcfc-00000000000e", "task_action": "npm", "resolved_action": "community.general.npm", "task_args": "", "task_path": "/workspaces/ensf400-lab5-ansible/hello.yml:39", "host": "managedhost-app-1", "remote_addr": "managedhost-app-1", "res": {"invocation": {"module_args": {"ci": false, "name": null, "global": false, "ignore_scripts": false, "no_optional": false, "state": "present", "production": true, "unsafe_perm": false, "no_bin_links": false, "version": null, "path": "/node-app", "executable": null, "registry": null}}, "changed": false, "_ansible_no_log": false}, "start": "2024-03-24T23:01:56.684073", "end": "2024-03-24T23:02:00.255433", "duration": 3.57136, "event_loop": null, "uuid": "27603b71-a0d9-4723-af78-311ade7ccd24"}}