{"uuid": "d5f0f145-6430-4e75-8553-e74b3f8b9372", "counter": 7, "stdout": "", "start_line": 5, "end_line": 5, "runner_ident": "76b68145-2d7f-4f69-a0f7-e75aeab9c631", "event": "runner_on_start", "pid": 61983, "created": "2024-03-24T23:01:18.760779", "parent_uuid": "000d3af6-48f8-f385-bcfc-00000000001c", "event_data": {"playbook": "hello.yml", "playbook_uuid": "83701a57-b7ef-4c61-bbd1-2cb7cfba6925", "play": "Play - Handle Files in all hosts", "play_uuid": "000d3af6-48f8-f385-bcfc-000000000005", "play_pattern": "all", "task": "Gathering Facts", "task_uuid": "000d3af6-48f8-f385-bcfc-00000000001c", "task_action": "gather_facts", "resolved_action": "ansible.builtin.gather_facts", "task_args": "", "task_path": "/workspaces/ensf400-lab5-ansible/hello.yml:2", "host": "managedhost-app-3", "uuid": "d5f0f145-6430-4e75-8553-e74b3f8b9372"}}