{"uuid": "000d3af6-48f8-f385-bcfc-00000000000f", "counter": 71, "stdout": "\r\nTASK [Install forever (to run Node.js app)] ************************************", "start_line": 50, "end_line": 52, "runner_ident": "76b68145-2d7f-4f69-a0f7-e75aeab9c631", "event": "playbook_on_task_start", "pid": 61983, "created": "2024-03-24T23:02:00.296457", "parent_uuid": "000d3af6-48f8-f385-bcfc-000000000008", "event_data": {"playbook": "hello.yml", "playbook_uuid": "83701a57-b7ef-4c61-bbd1-2cb7cfba6925", "play": "Play - for Alpine's Nodejs app", "play_uuid": "000d3af6-48f8-f385-bcfc-000000000008", "play_pattern": "app_group", "task": "Install forever (to run Node.js app)", "task_uuid": "000d3af6-48f8-f385-bcfc-00000000000f", "task_action": "npm", "resolved_action": "community.general.npm", "task_args": "", "task_path": "/workspaces/ensf400-lab5-ansible/hello.yml:45", "name": "Install forever (to run Node.js app)", "is_conditional": false, "uuid": "000d3af6-48f8-f385-bcfc-00000000000f"}}