{"uuid": "dc8a8f0e-0589-4a14-aec3-240ac7781117", "counter": 73, "stdout": "", "start_line": 52, "end_line": 52, "runner_ident": "76b68145-2d7f-4f69-a0f7-e75aeab9c631", "event": "runner_on_start", "pid": 61983, "created": "2024-03-24T23:02:00.313311", "parent_uuid": "000d3af6-48f8-f385-bcfc-00000000000f", "event_data": {"playbook": "hello.yml", "playbook_uuid": "83701a57-b7ef-4c61-bbd1-2cb7cfba6925", "play": "Play - for Alpine's Nodejs app", "play_uuid": "000d3af6-48f8-f385-bcfc-000000000008", "play_pattern": "app_group", "task": "Install forever (to run Node.js app)", "task_uuid": "000d3af6-48f8-f385-bcfc-00000000000f", "task_action": "npm", "resolved_action": "community.general.npm", "task_args": "", "task_path": "/workspaces/ensf400-lab5-ansible/hello.yml:45", "host": "managedhost-app-2", "uuid": "dc8a8f0e-0589-4a14-aec3-240ac7781117"}}