{"uuid": "887bb39e-e24e-4924-93f6-8249217e5843", "counter": 75, "stdout": "\u001b[0;32mok: [managedhost-app-1]\u001b[0m", "start_line": 52, "end_line": 53, "runner_ident": "76b68145-2d7f-4f69-a0f7-e75aeab9c631", "event": "runner_on_ok", "pid": 61983, "created": "2024-03-24T23:02:08.056105", "parent_uuid": "000d3af6-48f8-f385-bcfc-00000000000f", "event_data": {"playbook": "hello.yml", "playbook_uuid": "83701a57-b7ef-4c61-bbd1-2cb7cfba6925", "play": "Play - for Alpine's Nodejs app", "play_uuid": "000d3af6-48f8-f385-bcfc-000000000008", "play_pattern": "app_group", "task": "Install forever (to run Node.js app)", "task_uuid": "000d3af6-48f8-f385-bcfc-00000000000f", "task_action": "npm", "resolved_action": "community.general.npm", "task_args": "", "task_path": "/workspaces/ensf400-lab5-ansible/hello.yml:45", "host": "managedhost-app-1", "remote_addr": "managedhost-app-1", "res": {"invocation": {"module_args": {"ci": false, "name": "forever", "global": true, "ignore_scripts": false, "no_optional": false, "state": "present", "production": false, "unsafe_perm": false, "no_bin_links": false, "version": null, "path": null, "executable": null, "registry": null}}, "changed": false, "_ansible_no_log": false}, "start": "2024-03-24T23:02:00.297675", "end": "2024-03-24T23:02:08.055836", "duration": 7.758161, "event_loop": null, "uuid": "887bb39e-e24e-4924-93f6-8249217e5843"}}