{"uuid": "7fd136cc-847d-4b91-aeda-9cafd3c052e1", "counter": 77, "stdout": "\u001b[0;32mok: [managedhost-app-2]\u001b[0m", "start_line": 54, "end_line": 55, "runner_ident": "76b68145-2d7f-4f69-a0f7-e75aeab9c631", "event": "runner_on_ok", "pid": 61983, "created": "2024-03-24T23:02:08.471497", "parent_uuid": "000d3af6-48f8-f385-bcfc-00000000000f", "event_data": {"playbook": "hello.yml", "playbook_uuid": "83701a57-b7ef-4c61-bbd1-2cb7cfba6925", "play": "Play - for Alpine's Nodejs app", "play_uuid": "000d3af6-48f8-f385-bcfc-000000000008", "play_pattern": "app_group", "task": "Install forever (to run Node.js app)", "task_uuid": "000d3af6-48f8-f385-bcfc-00000000000f", "task_action": "npm", "resolved_action": "community.general.npm", "task_args": "", "task_path": "/workspaces/ensf400-lab5-ansible/hello.yml:45", "host": "managedhost-app-2", "remote_addr": "managedhost-app-2", "res": {"invocation": {"module_args": {"ci": false, "name": "forever", "global": true, "ignore_scripts": false, "no_optional": false, "state": "present", "production": false, "unsafe_perm": false, "no_bin_links": false, "version": null, "path": null, "executable": null, "registry": null}}, "changed": false, "_ansible_no_log": false}, "start": "2024-03-24T23:02:00.313130", "end": "2024-03-24T23:02:08.471364", "duration": 8.158234, "event_loop": null, "uuid": "7fd136cc-847d-4b91-aeda-9cafd3c052e1"}}