{"uuid": "ab6b2aa4-1568-464a-9158-64be48adc05a", "counter": 79, "stdout": "", "start_line": 57, "end_line": 57, "runner_ident": "76b68145-2d7f-4f69-a0f7-e75aeab9c631", "event": "runner_on_start", "pid": 61983, "created": "2024-03-24T23:02:08.481091", "parent_uuid": "000d3af6-48f8-f385-bcfc-000000000010", "event_data": {"playbook": "hello.yml", "playbook_uuid": "83701a57-b7ef-4c61-bbd1-2cb7cfba6925", "play": "Play - for Alpine's Nodejs app", "play_uuid": "000d3af6-48f8-f385-bcfc-000000000008", "play_pattern": "app_group", "task": "Check list of Node.js apps running", "task_uuid": "000d3af6-48f8-f385-bcfc-000000000010", "task_action": "command", "resolved_action": "ansible.builtin.command", "task_args": "", "task_path": "/workspaces/ensf400-lab5-ansible/hello.yml:51", "host": "managedhost-app-1", "uuid": "ab6b2aa4-1568-464a-9158-64be48adc05a"}}