{"uuid": "01af68eb-7914-4dff-bfec-0b8003025f15", "counter": 83, "stdout": "\u001b[0;32mok: [managedhost-app-2]\u001b[0m", "start_line": 58, "end_line": 59, "runner_ident": "76b68145-2d7f-4f69-a0f7-e75aeab9c631", "event": "runner_on_ok", "pid": 61983, "created": "2024-03-24T23:02:11.235518", "parent_uuid": "000d3af6-48f8-f385-bcfc-000000000010", "event_data": {"playbook": "hello.yml", "playbook_uuid": "83701a57-b7ef-4c61-bbd1-2cb7cfba6925", "play": "Play - for Alpine's Nodejs app", "play_uuid": "000d3af6-48f8-f385-bcfc-000000000008", "play_pattern": "app_group", "task": "Check list of Node.js apps running", "task_uuid": "000d3af6-48f8-f385-bcfc-000000000010", "task_action": "command", "resolved_action": "ansible.builtin.command", "task_args": "", "task_path": "/workspaces/ensf400-lab5-ansible/hello.yml:51", "host": "managedhost-app-2", "remote_addr": "managedhost-app-2", "res": {"changed": false, "end": "2024-03-24 23:02:11.201647", "stdout": "\u001b[32minfo\u001b[39m:    Forever processes running\n\u001b[90mdata\u001b[39m:    \u001b[37m   \u001b[39m \u001b[37muid\u001b[39m  \u001b[90mcommand\u001b[39m       \u001b[90mscript\u001b[39m           \u001b[37mforever\u001b[39m \u001b[37mpid\u001b[39m \u001b[37mid\u001b[39m \u001b[35mlogfile\u001b[39m                 \u001b[33muptime\u001b[39m                  \n\u001b[90mdata\u001b[39m:    [0] CmoL \u001b[90m/usr/bin/node\u001b[39m \u001b[90m/node-app/app.js\u001b[39m 379     388    \u001b[35m/root/.forever/CmoL.log\u001b[39m \u001b[33m0:2:3:50.15400000000045\u001b[39m ", "cmd": ["forever", "list"], "rc": 0, "start": "2024-03-24 23:02:08.894517", "stderr": "", "delta": "0:00:02.307130", "invocation": {"module_args": {"executable": null, "_uses_shell": false, "expand_argument_vars": true, "strip_empty_ends": true, "_raw_params": "forever list", "removes": null, "argv": null, "creates": null, "chdir": null, "stdin_add_newline": true, "stdin": null}}, "msg": "", "stdout_lines": ["\u001b[32minfo\u001b[39m:    Forever processes running", "\u001b[90mdata\u001b[39m:    \u001b[37m   \u001b[39m \u001b[37muid\u001b[39m  \u001b[90mcommand\u001b[39m       \u001b[90mscript\u001b[39m           \u001b[37mforever\u001b[39m \u001b[37mpid\u001b[39m \u001b[37mid\u001b[39m \u001b[35mlogfile\u001b[39m                 \u001b[33muptime\u001b[39m                  ", "\u001b[90mdata\u001b[39m:    [0] CmoL \u001b[90m/usr/bin/node\u001b[39m \u001b[90m/node-app/app.js\u001b[39m 379     388    \u001b[35m/root/.forever/CmoL.log\u001b[39m \u001b[33m0:2:3:50.15400000000045\u001b[39m "], "stderr_lines": [], "_ansible_no_log": false}, "start": "2024-03-24T23:02:08.494082", "end": "2024-03-24T23:02:11.235370", "duration": 2.741288, "event_loop": null, "uuid": "01af68eb-7914-4dff-bfec-0b8003025f15"}}