{"uuid": "c4af3771-2694-42b1-ae4e-46348e3b84a5", "counter": 89, "stdout": "", "start_line": 63, "end_line": 63, "runner_ident": "76b68145-2d7f-4f69-a0f7-e75aeab9c631", "event": "runner_on_start", "pid": 61983, "created": "2024-03-24T23:02:11.323654", "parent_uuid": "000d3af6-48f8-f385-bcfc-000000000011", "event_data": {"playbook": "hello.yml", "playbook_uuid": "83701a57-b7ef-4c61-bbd1-2cb7cfba6925", "play": "Play - for Alpine's Nodejs app", "play_uuid": "000d3af6-48f8-f385-bcfc-000000000008", "play_pattern": "app_group", "task": "Start example Node.js app", "task_uuid": "000d3af6-48f8-f385-bcfc-000000000011", "task_action": "command", "resolved_action": "ansible.builtin.command", "task_args": "", "task_path": "/workspaces/ensf400-lab5-ansible/hello.yml:56", "host": "managedhost-app-3", "uuid": "c4af3771-2694-42b1-ae4e-46348e3b84a5"}}