{"uuid": "500f8576-5bbd-4249-b57c-60f2d648a4c6", "counter": 91, "stdout": "\u001b[0;36mskipping: [managedhost-app-3]\u001b[0m", "start_line": 64, "end_line": 65, "runner_ident": "76b68145-2d7f-4f69-a0f7-e75aeab9c631", "event": "runner_on_skipped", "pid": 61983, "created": "2024-03-24T23:02:11.337593", "parent_uuid": "000d3af6-48f8-f385-bcfc-000000000011", "event_data": {"playbook": "hello.yml", "playbook_uuid": "83701a57-b7ef-4c61-bbd1-2cb7cfba6925", "play": "Play - for Alpine's Nodejs app", "play_uuid": "000d3af6-48f8-f385-bcfc-000000000008", "play_pattern": "app_group", "task": "Start example Node.js app", "task_uuid": "000d3af6-48f8-f385-bcfc-000000000011", "task_action": "command", "resolved_action": "ansible.builtin.command", "task_args": "", "task_path": "/workspaces/ensf400-lab5-ansible/hello.yml:56", "host": "managedhost-app-3", "remote_addr": "managedhost-app-3", "start": "2024-03-24T23:02:11.323553", "end": "2024-03-24T23:02:11.337485", "duration": 0.013932, "event_loop": null, "uuid": "500f8576-5bbd-4249-b57c-60f2d648a4c6"}}