{"uuid": "000d3af6-48f8-f385-bcfc-000000000012", "counter": 92, "stdout": "\r\nPLAY [Install and configure Nginx as a load balancer] **************************", "start_line": 65, "end_line": 67, "runner_ident": "76b68145-2d7f-4f69-a0f7-e75aeab9c631", "event": "playbook_on_play_start", "pid": 61983, "created": "2024-03-24T23:02:11.384302", "parent_uuid": "83701a57-b7ef-4c61-bbd1-2cb7cfba6925", "event_data": {"playbook": "hello.yml", "playbook_uuid": "83701a57-b7ef-4c61-bbd1-2cb7cfba6925", "play": "Install and configure Nginx as a load balancer", "play_uuid": "000d3af6-48f8-f385-bcfc-000000000012", "play_pattern": "localhost", "name": "Install and configure Nginx as a load balancer", "pattern": "localhost", "uuid": "000d3af6-48f8-f385-bcfc-000000000012"}}