{"uuid": "e399d64b-0e12-47f3-9e19-4fc7a1ef9de9", "counter": 93, "stdout": "\r\nPLAY RECAP *********************************************************************\r\n\u001b[0;31mlocalhost\u001b[0m                  : \u001b[0;32mok=1   \u001b[0m changed=0    unreachable=0    \u001b[0;31mfailed=1   \u001b[0m skipped=0    rescued=0    ignored=0   \r\n\u001b[0;32mmanagedhost-app-1\u001b[0m          : \u001b[0;32mok=10  \u001b[0m changed=0    unreachable=0    failed=0    \u001b[0;36mskipped=1   \u001b[0m rescued=0    ignored=0   \r\n\u001b[0;32mmanagedhost-app-2\u001b[0m          : \u001b[0;32mok=10  \u001b[0m changed=0    unreachable=0    failed=0    \u001b[0;36mskipped=1   \u001b[0m rescued=0    ignored=0   \r\n\u001b[0;32mmanagedhost-app-3\u001b[0m          : \u001b[0;32mok=10  \u001b[0m changed=0    unreachable=0    failed=0    \u001b[0;36mskipped=1   \u001b[0m rescued=0    ignored=0   ", "start_line": 67, "end_line": 74, "runner_ident": "76b68145-2d7f-4f69-a0f7-e75aeab9c631", "event": "playbook_on_stats", "pid": 61983, "created": "2024-03-24T23:02:11.387941", "parent_uuid": "83701a57-b7ef-4c61-bbd1-2cb7cfba6925", "event_data": {"playbook": "hello.yml", "playbook_uuid": "83701a57-b7ef-4c61-bbd1-2cb7cfba6925", "changed": {}, "dark": {}, "failures": {"localhost": 1}, "ignored": {}, "ok": {"localhost": 1, "managedhost-app-2": 10, "managedhost-app-1": 10, "managedhost-app-3": 10}, "processed": {"localhost": 1, "managedhost-app-2": 1, "managedhost-app-1": 1, "managedhost-app-3": 1}, "rescued": {}, "skipped": {"managedhost-app-1": 1, "managedhost-app-2": 1, "managedhost-app-3": 1}, "artifact_data": {}, "uuid": "e399d64b-0e12-47f3-9e19-4fc7a1ef9de9"}}