{"uuid": "3af188c6-c2d5-4033-b9ef-d2ed842ba1db", "counter": 100, "stdout": "", "start_line": 75, "end_line": 75, "runner_ident": "980f7b6e-d80a-41ed-bd29-2ef31665d964", "event": "runner_on_start", "pid": 66841, "created": "2024-03-24T23:11:36.608560", "parent_uuid": "000d3af6-48f8-f4c1-6c60-000000000015", "event_data": {"playbook": "hello.yml", "playbook_uuid": "4c7f1881-dd75-46e9-92c8-b6624512263c", "play": "Install and configure Nginx as a load balancer", "play_uuid": "000d3af6-48f8-f4c1-6c60-000000000012", "play_pattern": "localhost", "task": "Remove default Nginx configuration", "task_uuid": "000d3af6-48f8-f4c1-6c60-000000000015", "task_action": "file", "resolved_action": "ansible.builtin.file", "task_args": "", "task_path": "/workspaces/ensf400-lab5-ansible/hello.yml:72", "host": "localhost", "uuid": "3af188c6-c2d5-4033-b9ef-d2ed842ba1db"}}