{"uuid": "c7cd487c-dd8e-4372-8c2c-acc8e6fd1b7f", "counter": 101, "stdout": "\u001b[0;32mok: [localhost]\u001b[0m", "start_line": 75, "end_line": 76, "runner_ident": "980f7b6e-d80a-41ed-bd29-2ef31665d964", "event": "runner_on_ok", "pid": 66841, "created": "2024-03-24T23:11:36.783811", "parent_uuid": "000d3af6-48f8-f4c1-6c60-000000000015", "event_data": {"playbook": "hello.yml", "playbook_uuid": "4c7f1881-dd75-46e9-92c8-b6624512263c", "play": "Install and configure Nginx as a load balancer", "play_uuid": "000d3af6-48f8-f4c1-6c60-000000000012", "play_pattern": "localhost", "task": "Remove default Nginx configuration", "task_uuid": "000d3af6-48f8-f4c1-6c60-000000000015", "task_action": "file", "resolved_action": "ansible.builtin.file", "task_args": "", "task_path": "/workspaces/ensf400-lab5-ansible/hello.yml:72", "host": "localhost", "remote_addr": "localhost", "res": {"path": "/etc/nginx/sites-enabled/default", "changed": false, "state": "absent", "invocation": {"module_args": {"path": "/etc/nginx/sites-enabled/default", "state": "absent", "recurse": false, "force": false, "follow": true, "modification_time_format": "%Y%m%d%H%M.%S", "access_time_format": "%Y%m%d%H%M.%S", "unsafe_writes": false, "_original_basename": null, "_diff_peek": null, "src": null, "modification_time": null, "access_time": null, "mode": null, "owner": null, "group": null, "seuser": null, "serole": null, "selevel": null, "setype": null, "attributes": null}}, "_ansible_no_log": false}, "start": "2024-03-24T23:11:36.608473", "end": "2024-03-24T23:11:36.783551", "duration": 0.175078, "event_loop": null, "uuid": "c7cd487c-dd8e-4372-8c2c-acc8e6fd1b7f"}}