{"uuid": "a333147e-ef6b-41b2-9df5-760ee8ce9b39", "counter": 104, "stdout": "\u001b[0;33mchanged: [localhost]\u001b[0m", "start_line": 78, "end_line": 79, "runner_ident": "980f7b6e-d80a-41ed-bd29-2ef31665d964", "event": "runner_on_ok", "pid": 66841, "created": "2024-03-24T23:11:37.136506", "parent_uuid": "000d3af6-48f8-f4c1-6c60-000000000016", "event_data": {"playbook": "hello.yml", "playbook_uuid": "4c7f1881-dd75-46e9-92c8-b6624512263c", "play": "Install and configure Nginx as a load balancer", "play_uuid": "000d3af6-48f8-f4c1-6c60-000000000012", "play_pattern": "localhost", "task": "Copy custom Nginx configuration for load balancing", "task_uuid": "000d3af6-48f8-f4c1-6c60-000000000016", "task_action": "copy", "resolved_action": "ansible.builtin.copy", "task_args": "", "task_path": "/workspaces/ensf400-lab5-ansible/hello.yml:77", "host": "localhost", "remote_addr": "localhost", "res": {"diff": [], "dest": "/etc/nginx/nginx.conf", "src": "/home/codespace/.ansible/tmp/ansible-tmp-1711321896.8085706-69275-68088836628836/source", "md5sum": "60640d39e87fb9efa6bb5479cf7259ca", "checksum": "9d157e075cbb0924d4ea53a4aeb9ecdf4accdc9e", "changed": true, "uid": 0, "gid": 0, "owner": "root", "group": "root", "mode": "0644", "state": "file", "size": 239, "invocation": {"module_args": {"src": "/home/codespace/.ansible/tmp/ansible-tmp-1711321896.8085706-69275-68088836628836/source", "dest": "/etc/nginx/nginx.conf", "_original_basename": "nginx.conf", "follow": false, "checksum": "9d157e075cbb0924d4ea53a4aeb9ecdf4accdc9e", "backup": false, "force": true, "unsafe_writes": false, "content": null, "validate": null, "directory_mode": null, "remote_src": null, "local_follow": null, "mode": null, "owner": null, "group": null, "seuser": null, "serole": null, "selevel": null, "setype": null, "attributes": null}}, "_ansible_no_log": false}, "start": "2024-03-24T23:11:36.794714", "end": "2024-03-24T23:11:37.136250", "duration": 0.341536, "event_loop": null, "uuid": "a333147e-ef6b-41b2-9df5-760ee8ce9b39"}}