{"uuid": "c88e2efd-1ffe-47e6-9174-a5606df786eb", "counter": 106, "stdout": "", "start_line": 81, "end_line": 81, "runner_ident": "980f7b6e-d80a-41ed-bd29-2ef31665d964", "event": "runner_on_start", "pid": 66841, "created": "2024-03-24T23:11:37.149374", "parent_uuid": "000d3af6-48f8-f4c1-6c60-000000000017", "event_data": {"playbook": "hello.yml", "playbook_uuid": "4c7f1881-dd75-46e9-92c8-b6624512263c", "play": "Install and configure Nginx as a load balancer", "play_uuid": "000d3af6-48f8-f4c1-6c60-000000000012", "play_pattern": "localhost", "task": "Restart Nginx to apply new configuration", "task_uuid": "000d3af6-48f8-f4c1-6c60-000000000017", "task_action": "service", "resolved_action": "ansible.builtin.service", "task_args": "", "task_path": "/workspaces/ensf400-lab5-ansible/hello.yml:82", "host": "localhost", "uuid": "c88e2efd-1ffe-47e6-9174-a5606df786eb"}}