{"uuid": "c88875e2-6a00-4999-9c40-2c3aad1f821c", "counter": 107, "stdout": "\u001b[0;31mfatal: [localhost]: FAILED! => {\"changed\": false, \"msg\": \" * Stopping nginx nginx\\n   ...done.\\n * Starting nginx nginx\\n   ...fail!\\n\"}\u001b[0m", "start_line": 81, "end_line": 82, "runner_ident": "980f7b6e-d80a-41ed-bd29-2ef31665d964", "event": "runner_on_failed", "pid": 66841, "created": "2024-03-24T23:11:38.609267", "parent_uuid": "000d3af6-48f8-f4c1-6c60-000000000017", "event_data": {"playbook": "hello.yml", "playbook_uuid": "4c7f1881-dd75-46e9-92c8-b6624512263c", "play": "Install and configure Nginx as a load balancer", "play_uuid": "000d3af6-48f8-f4c1-6c60-000000000012", "play_pattern": "localhost", "task": "Restart Nginx to apply new configuration", "task_uuid": "000d3af6-48f8-f4c1-6c60-000000000017", "task_action": "service", "resolved_action": "ansible.builtin.service", "task_args": "", "task_path": "/workspaces/ensf400-lab5-ansible/hello.yml:82", "host": "localhost", "remote_addr": "localhost", "res": {"msg": " * Stopping nginx nginx\n   ...done.\n * Starting nginx nginx\n   ...fail!\n", "invocation": {"module_args": {"name": "nginx", "state": "restarted", "runlevel": "default", "arguments": "", "sleep": null, "pattern": null, "enabled": null}}, "_ansible_no_log": false, "changed": false}, "start": "2024-03-24T23:11:37.149287", "end": "2024-03-24T23:11:38.609043", "duration": 1.459756, "ignore_errors": null, "event_loop": null, "uuid": "c88875e2-6a00-4999-9c40-2c3aad1f821c"}}