{"uuid": "00df00b8-57a4-4035-a5a0-1160d560192c", "counter": 108, "stdout": "\r\nPLAY RECAP *********************************************************************\r\n\u001b[0;31mlocalhost\u001b[0m                  : \u001b[0;32mok=6   \u001b[0m \u001b[0;33mchanged=2   \u001b[0m unreachable=0    \u001b[0;31mfailed=1   \u001b[0m skipped=0    rescued=0    ignored=0   \r\n\u001b[0;33mmanagedhost-app-1\u001b[0m          : \u001b[0;32mok=10  \u001b[0m \u001b[0;33mchanged=1   \u001b[0m unreachable=0    failed=0    \u001b[0;36mskipped=1   \u001b[0m rescued=0    ignored=0   \r\n\u001b[0;33mmanagedhost-app-2\u001b[0m          : \u001b[0;32mok=10  \u001b[0m \u001b[0;33mchanged=1   \u001b[0m unreachable=0    failed=0    \u001b[0;36mskipped=1   \u001b[0m rescued=0    ignored=0   \r\n\u001b[0;33mmanagedhost-app-3\u001b[0m          : \u001b[0;32mok=10  \u001b[0m \u001b[0;33mchanged=1   \u001b[0m unreachable=0    failed=0    \u001b[0;36mskipped=1   \u001b[0m rescued=0    ignored=0   ", "start_line": 82, "end_line": 89, "runner_ident": "980f7b6e-d80a-41ed-bd29-2ef31665d964", "event": "playbook_on_stats", "pid": 66841, "created": "2024-03-24T23:11:38.613271", "parent_uuid": "4c7f1881-dd75-46e9-92c8-b6624512263c", "event_data": {"playbook": "hello.yml", "playbook_uuid": "4c7f1881-dd75-46e9-92c8-b6624512263c", "changed": {"localhost": 2, "managedhost-app-2": 1, "managedhost-app-3": 1, "managedhost-app-1": 1}, "dark": {}, "failures": {"localhost": 1}, "ignored": {}, "ok": {"localhost": 6, "managedhost-app-1": 10, "managedhost-app-3": 10, "managedhost-app-2": 10}, "processed": {"localhost": 1, "managedhost-app-1": 1, "managedhost-app-3": 1, "managedhost-app-2": 1}, "rescued": {}, "skipped": {"managedhost-app-1": 1, "managedhost-app-2": 1, "managedhost-app-3": 1}, "artifact_data": {}, "uuid": "00df00b8-57a4-4035-a5a0-1160d560192c"}}