{"uuid": "000d3af6-48f8-f4c1-6c60-000000000007", "counter": 13, "stdout": "\r\nTASK [all host are identified with a file] *************************************", "start_line": 9, "end_line": 11, "runner_ident": "980f7b6e-d80a-41ed-bd29-2ef31665d964", "event": "playbook_on_task_start", "pid": 66841, "created": "2024-03-24T23:10:50.986575", "parent_uuid": "000d3af6-48f8-f4c1-6c60-000000000005", "event_data": {"playbook": "hello.yml", "playbook_uuid": "4c7f1881-dd75-46e9-92c8-b6624512263c", "play": "Play - Handle Files in all hosts", "play_uuid": "000d3af6-48f8-f4c1-6c60-000000000005", "play_pattern": "all", "task": "all host are identified with a file", "task_uuid": "000d3af6-48f8-f4c1-6c60-000000000007", "task_action": "copy", "resolved_action": "ansible.builtin.copy", "task_args": "", "task_path": "/workspaces/ensf400-lab5-ansible/hello.yml:6", "name": "all host are identified with a file", "is_conditional": false, "uuid": "000d3af6-48f8-f4c1-6c60-000000000007"}}