{"uuid": "2ff41c07-c37f-4446-975e-3d020fb4a85b", "counter": 14, "stdout": "", "start_line": 11, "end_line": 11, "runner_ident": "980f7b6e-d80a-41ed-bd29-2ef31665d964", "event": "runner_on_start", "pid": 66841, "created": "2024-03-24T23:10:50.988806", "parent_uuid": "000d3af6-48f8-f4c1-6c60-000000000007", "event_data": {"playbook": "hello.yml", "playbook_uuid": "4c7f1881-dd75-46e9-92c8-b6624512263c", "play": "Play - Handle Files in all hosts", "play_uuid": "000d3af6-48f8-f4c1-6c60-000000000005", "play_pattern": "all", "task": "all host are identified with a file", "task_uuid": "000d3af6-48f8-f4c1-6c60-000000000007", "task_action": "copy", "resolved_action": "ansible.builtin.copy", "task_args": "", "task_path": "/workspaces/ensf400-lab5-ansible/hello.yml:6", "host": "managedhost-app-1", "uuid": "2ff41c07-c37f-4446-975e-3d020fb4a85b"}}