{"uuid": "a51281fd-54de-4bc9-9e63-603d30759691", "counter": 16, "stdout": "", "start_line": 11, "end_line": 11, "runner_ident": "980f7b6e-d80a-41ed-bd29-2ef31665d964", "event": "runner_on_start", "pid": 66841, "created": "2024-03-24T23:10:51.025494", "parent_uuid": "000d3af6-48f8-f4c1-6c60-000000000007", "event_data": {"playbook": "hello.yml", "playbook_uuid": "4c7f1881-dd75-46e9-92c8-b6624512263c", "play": "Play - Handle Files in all hosts", "play_uuid": "000d3af6-48f8-f4c1-6c60-000000000005", "play_pattern": "all", "task": "all host are identified with a file", "task_uuid": "000d3af6-48f8-f4c1-6c60-000000000007", "task_action": "copy", "resolved_action": "ansible.builtin.copy", "task_args": "", "task_path": "/workspaces/ensf400-lab5-ansible/hello.yml:6", "host": "managedhost-app-3", "uuid": "a51281fd-54de-4bc9-9e63-603d30759691"}}