{"uuid": "bc25c406-453c-415e-acd5-c9259ea680a0", "counter": 18, "stdout": "\u001b[0;33mchanged: [localhost]\u001b[0m", "start_line": 11, "end_line": 12, "runner_ident": "980f7b6e-d80a-41ed-bd29-2ef31665d964", "event": "runner_on_ok", "pid": 66841, "created": "2024-03-24T23:10:52.222280", "parent_uuid": "000d3af6-48f8-f4c1-6c60-000000000007", "event_data": {"playbook": "hello.yml", "playbook_uuid": "4c7f1881-dd75-46e9-92c8-b6624512263c", "play": "Play - Handle Files in all hosts", "play_uuid": "000d3af6-48f8-f4c1-6c60-000000000005", "play_pattern": "all", "task": "all host are identified with a file", "task_uuid": "000d3af6-48f8-f4c1-6c60-000000000007", "task_action": "copy", "resolved_action": "ansible.builtin.copy", "task_args": "", "task_path": "/workspaces/ensf400-lab5-ansible/hello.yml:6", "host": "localhost", "remote_addr": "localhost", "res": {"diff": [], "dest": "/tmp/family.txt", "src": "/home/codespace/.ansible/tmp/ansible-tmp-1711321851.155119-67224-128823442112684/source", "md5sum": "ae09b8c1dcfc46ca73d5b786e5ba1a52", "checksum": "ea1d700a72b2c7270d69514e560e017681f97dd3", "changed": true, "uid": 1000, "gid": 1000, "owner": "codespace", "group": "codespace", "mode": "0644", "state": "file", "size": 19, "invocation": {"module_args": {"dest": "/tmp/family.txt", "mode": "0644", "src": "/home/codespace/.ansible/tmp/ansible-tmp-1711321851.155119-67224-128823442112684/source", "_original_basename": "tmpwn0pln9u", "follow": false, "checksum": "ea1d700a72b2c7270d69514e560e017681f97dd3", "backup": false, "force": true, "unsafe_writes": false, "content": null, "validate": null, "directory_mode": null, "remote_src": null, "local_follow": null, "owner": null, "group": null, "seuser": null, "serole": null, "selevel": null, "setype": null, "attributes": null}}, "_ansible_no_log": false}, "start": "2024-03-24T23:10:51.063108", "end": "2024-03-24T23:10:52.222056", "duration": 1.158948, "event_loop": null, "uuid": "bc25c406-453c-415e-acd5-c9259ea680a0"}}