{"uuid": "23a0be8c-5700-4d7f-be62-2e404ec03366", "counter": 20, "stdout": "\u001b[0;33mchanged: [managedhost-app-3]\u001b[0m", "start_line": 13, "end_line": 14, "runner_ident": "980f7b6e-d80a-41ed-bd29-2ef31665d964", "event": "runner_on_ok", "pid": 66841, "created": "2024-03-24T23:10:52.486480", "parent_uuid": "000d3af6-48f8-f4c1-6c60-000000000007", "event_data": {"playbook": "hello.yml", "playbook_uuid": "4c7f1881-dd75-46e9-92c8-b6624512263c", "play": "Play - Handle Files in all hosts", "play_uuid": "000d3af6-48f8-f4c1-6c60-000000000005", "play_pattern": "all", "task": "all host are identified with a file", "task_uuid": "000d3af6-48f8-f4c1-6c60-000000000007", "task_action": "copy", "resolved_action": "ansible.builtin.copy", "task_args": "", "task_path": "/workspaces/ensf400-lab5-ansible/hello.yml:6", "host": "managedhost-app-3", "remote_addr": "managedhost-app-3", "res": {"diff": [], "src": "/root/.ansible/tmp/ansible-tmp-1711321851.1357555-67212-269735287535674/source", "md5sum": "e44c7173ad27ad17bcc4c90216166567", "group": "root", "uid": 0, "dest": "/tmp/family.txt", "checksum": "c7083a5560242f37bbd438a113f2a4496ddfdc4d", "changed": true, "invocation": {"module_args": {"src": "/root/.ansible/tmp/ansible-tmp-1711321851.1357555-67212-269735287535674/source", "directory_mode": null, "force": true, "remote_src": null, "unsafe_writes": false, "selevel": null, "seuser": null, "_original_basename": "tmp8r38jgd9", "serole": null, "content": null, "dest": "/tmp/family.txt", "setype": null, "follow": false, "mode": "0644", "checksum": "c7083a5560242f37bbd438a113f2a4496ddfdc4d", "owner": null, "group": null, "validate": null, "attributes": null, "backup": false, "local_follow": null}}, "state": "file", "gid": 0, "mode": "0644", "owner": "root", "size": 19, "_ansible_no_log": false}, "start": "2024-03-24T23:10:51.023418", "end": "2024-03-24T23:10:52.486284", "duration": 1.462866, "event_loop": null, "uuid": "23a0be8c-5700-4d7f-be62-2e404ec03366"}}