{"uuid": "000d3af6-48f8-f4c1-6c60-000000000008", "counter": 22, "stdout": "\r\nPLAY [Play - for Alpine's Nodejs app] ******************************************", "start_line": 15, "end_line": 17, "runner_ident": "980f7b6e-d80a-41ed-bd29-2ef31665d964", "event": "playbook_on_play_start", "pid": 66841, "created": "2024-03-24T23:10:52.653221", "parent_uuid": "4c7f1881-dd75-46e9-92c8-b6624512263c", "event_data": {"playbook": "hello.yml", "playbook_uuid": "4c7f1881-dd75-46e9-92c8-b6624512263c", "play": "Play - for Alpine's Nodejs app", "play_uuid": "000d3af6-48f8-f4c1-6c60-000000000008", "play_pattern": "app_group", "name": "Play - for Alpine's Nodejs app", "pattern": "app_group", "uuid": "000d3af6-48f8-f4c1-6c60-000000000008"}}