{"uuid": "000d3af6-48f8-f4c1-6c60-00000000003c", "counter": 23, "stdout": "\r\nTASK [Gathering Facts] *********************************************************", "start_line": 17, "end_line": 19, "runner_ident": "980f7b6e-d80a-41ed-bd29-2ef31665d964", "event": "playbook_on_task_start", "pid": 66841, "created": "2024-03-24T23:10:52.663268", "parent_uuid": "000d3af6-48f8-f4c1-6c60-000000000008", "event_data": {"playbook": "hello.yml", "playbook_uuid": "4c7f1881-dd75-46e9-92c8-b6624512263c", "play": "Play - for Alpine's Nodejs app", "play_uuid": "000d3af6-48f8-f4c1-6c60-000000000008", "play_pattern": "app_group", "task": "Gathering Facts", "task_uuid": "000d3af6-48f8-f4c1-6c60-00000000003c", "task_action": "gather_facts", "resolved_action": "ansible.builtin.gather_facts", "task_args": "", "task_path": "/workspaces/ensf400-lab5-ansible/hello.yml:13", "name": "Gathering Facts", "is_conditional": false, "uuid": "000d3af6-48f8-f4c1-6c60-00000000003c"}}