{"uuid": "3c49cb40-1731-4150-965a-75aba5d91df3", "counter": 24, "stdout": "", "start_line": 19, "end_line": 19, "runner_ident": "980f7b6e-d80a-41ed-bd29-2ef31665d964", "event": "runner_on_start", "pid": 66841, "created": "2024-03-24T23:10:52.664251", "parent_uuid": "000d3af6-48f8-f4c1-6c60-00000000003c", "event_data": {"playbook": "hello.yml", "playbook_uuid": "4c7f1881-dd75-46e9-92c8-b6624512263c", "play": "Play - for Alpine's Nodejs app", "play_uuid": "000d3af6-48f8-f4c1-6c60-000000000008", "play_pattern": "app_group", "task": "Gathering Facts", "task_uuid": "000d3af6-48f8-f4c1-6c60-00000000003c", "task_action": "gather_facts", "resolved_action": "ansible.builtin.gather_facts", "task_args": "", "task_path": "/workspaces/ensf400-lab5-ansible/hello.yml:13", "host": "managedhost-app-1", "uuid": "3c49cb40-1731-4150-965a-75aba5d91df3"}}