{"uuid": "000d3af6-48f8-f4c1-6c60-000000000005", "counter": 3, "stdout": "\r\nPLAY [Play - Handle Files in all hosts] ****************************************", "start_line": 1, "end_line": 3, "runner_ident": "980f7b6e-d80a-41ed-bd29-2ef31665d964", "event": "playbook_on_play_start", "pid": 66841, "created": "2024-03-24T23:10:37.612488", "parent_uuid": "4c7f1881-dd75-46e9-92c8-b6624512263c", "event_data": {"playbook": "hello.yml", "playbook_uuid": "4c7f1881-dd75-46e9-92c8-b6624512263c", "play": "Play - Handle Files in all hosts", "play_uuid": "000d3af6-48f8-f4c1-6c60-000000000005", "play_pattern": "all", "name": "Play - Handle Files in all hosts", "pattern": "all", "uuid": "000d3af6-48f8-f4c1-6c60-000000000005"}}