{"uuid": "a1fa4029-7e57-4cf2-9d08-7ad6e754f9dd", "counter": 31, "stdout": "", "start_line": 24, "end_line": 24, "runner_ident": "980f7b6e-d80a-41ed-bd29-2ef31665d964", "event": "runner_on_start", "pid": 66841, "created": "2024-03-24T23:11:04.950348", "parent_uuid": "000d3af6-48f8-f4c1-6c60-00000000000a", "event_data": {"playbook": "hello.yml", "playbook_uuid": "4c7f1881-dd75-46e9-92c8-b6624512263c", "play": "Play - for Alpine's Nodejs app", "play_uuid": "000d3af6-48f8-f4c1-6c60-000000000008", "play_pattern": "app_group", "task": "NodeJs is installed", "task_uuid": "000d3af6-48f8-f4c1-6c60-00000000000a", "task_action": "apk", "resolved_action": "community.general.apk", "task_args": "", "task_path": "/workspaces/ensf400-lab5-ansible/hello.yml:16", "host": "managedhost-app-1", "uuid": "a1fa4029-7e57-4cf2-9d08-7ad6e754f9dd"}}