{"uuid": "715976de-8f32-4734-bb0b-f3a6f45a760b", "counter": 39, "stdout": "\u001b[0;32mok: [managedhost-app-2] => (item=nodejs-npm)\u001b[0m", "start_line": 28, "end_line": 29, "runner_ident": "980f7b6e-d80a-41ed-bd29-2ef31665d964", "event": "runner_item_on_ok", "pid": 66841, "created": "2024-03-24T23:11:13.688215", "parent_uuid": "000d3af6-48f8-f4c1-6c60-00000000000a", "event_data": {"playbook": "hello.yml", "playbook_uuid": "4c7f1881-dd75-46e9-92c8-b6624512263c", "play": "Play - for Alpine's Nodejs app", "play_uuid": "000d3af6-48f8-f4c1-6c60-000000000008", "play_pattern": "app_group", "task": "NodeJs is installed", "task_uuid": "000d3af6-48f8-f4c1-6c60-00000000000a", "task_action": "apk", "resolved_action": "community.general.apk", "task_args": "", "task_path": "/workspaces/ensf400-lab5-ansible/hello.yml:16", "host": "managedhost-app-2", "res": {"msg": "package(s) already installed", "invocation": {"module_args": {"available": false, "upgrade": false, "name": ["nodejs-npm"], "repository": null, "state": "latest", "update_cache": true, "no_cache": false, "world": "/etc/apk/world"}}, "changed": false, "_ansible_no_log": false, "item": "nodejs-npm", "ansible_loop_var": "item", "_ansible_item_label": "nodejs-npm"}, "uuid": "715976de-8f32-4734-bb0b-f3a6f45a760b"}}