{"uuid": "000d3af6-48f8-f4c1-6c60-00000000000b", "counter": 43, "stdout": "\r\nTASK [app directory is created] ************************************************", "start_line": 30, "end_line": 32, "runner_ident": "980f7b6e-d80a-41ed-bd29-2ef31665d964", "event": "playbook_on_task_start", "pid": 66841, "created": "2024-03-24T23:11:13.772448", "parent_uuid": "000d3af6-48f8-f4c1-6c60-000000000008", "event_data": {"playbook": "hello.yml", "playbook_uuid": "4c7f1881-dd75-46e9-92c8-b6624512263c", "play": "Play - for Alpine's Nodejs app", "play_uuid": "000d3af6-48f8-f4c1-6c60-000000000008", "play_pattern": "app_group", "task": "app directory is created", "task_uuid": "000d3af6-48f8-f4c1-6c60-00000000000b", "task_action": "file", "resolved_action": "ansible.builtin.file", "task_args": "", "task_path": "/workspaces/ensf400-lab5-ansible/hello.yml:25", "name": "app directory is created", "is_conditional": false, "uuid": "000d3af6-48f8-f4c1-6c60-00000000000b"}}