{"uuid": "5a99c73a-d192-4c59-a223-2902c11061a1", "counter": 45, "stdout": "", "start_line": 32, "end_line": 32, "runner_ident": "980f7b6e-d80a-41ed-bd29-2ef31665d964", "event": "runner_on_start", "pid": 66841, "created": "2024-03-24T23:11:13.786871", "parent_uuid": "000d3af6-48f8-f4c1-6c60-00000000000b", "event_data": {"playbook": "hello.yml", "playbook_uuid": "4c7f1881-dd75-46e9-92c8-b6624512263c", "play": "Play - for Alpine's Nodejs app", "play_uuid": "000d3af6-48f8-f4c1-6c60-000000000008", "play_pattern": "app_group", "task": "app directory is created", "task_uuid": "000d3af6-48f8-f4c1-6c60-00000000000b", "task_action": "file", "resolved_action": "ansible.builtin.file", "task_args": "", "task_path": "/workspaces/ensf400-lab5-ansible/hello.yml:25", "host": "managedhost-app-2", "uuid": "5a99c73a-d192-4c59-a223-2902c11061a1"}}