{"uuid": "c0e45de7-ab11-4545-aff4-638b0a875e2c", "counter": 47, "stdout": "\u001b[0;32mok: [managedhost-app-3]\u001b[0m", "start_line": 32, "end_line": 33, "runner_ident": "980f7b6e-d80a-41ed-bd29-2ef31665d964", "event": "runner_on_ok", "pid": 66841, "created": "2024-03-24T23:11:14.287161", "parent_uuid": "000d3af6-48f8-f4c1-6c60-00000000000b", "event_data": {"playbook": "hello.yml", "playbook_uuid": "4c7f1881-dd75-46e9-92c8-b6624512263c", "play": "Play - for Alpine's Nodejs app", "play_uuid": "000d3af6-48f8-f4c1-6c60-000000000008", "play_pattern": "app_group", "task": "app directory is created", "task_uuid": "000d3af6-48f8-f4c1-6c60-00000000000b", "task_action": "file", "resolved_action": "ansible.builtin.file", "task_args": "", "task_path": "/workspaces/ensf400-lab5-ansible/hello.yml:25", "host": "managedhost-app-3", "remote_addr": "managedhost-app-3", "res": {"group": "root", "uid": 0, "changed": false, "invocation": {"module_args": {"src": null, "serole": null, "force": false, "modification_time": null, "unsafe_writes": false, "selevel": null, "seuser": null, "recurse": false, "state": "directory", "access_time_format": "%Y%m%d%H%M.%S", "_original_basename": null, "setype": null, "follow": true, "_diff_peek": null, "modification_time_format": "%Y%m%d%H%M.%S", "access_time": null, "owner": null, "group": null, "path": "/node-app", "attributes": null, "mode": null}}, "state": "directory", "gid": 0, "mode": "0755", "diff": {"after": {"path": "/node-app"}, "before": {"path": "/node-app"}}, "owner": "root", "path": "/node-app", "size": 4096, "_ansible_no_log": false}, "start": "2024-03-24T23:11:13.807966", "end": "2024-03-24T23:11:14.286915", "duration": 0.478949, "event_loop": null, "uuid": "c0e45de7-ab11-4545-aff4-638b0a875e2c"}}