{"uuid": "000d3af6-48f8-f4c1-6c60-00000000000c", "counter": 50, "stdout": "\r\nTASK [app is installed] ********************************************************", "start_line": 35, "end_line": 37, "runner_ident": "980f7b6e-d80a-41ed-bd29-2ef31665d964", "event": "playbook_on_task_start", "pid": 66841, "created": "2024-03-24T23:11:14.346237", "parent_uuid": "000d3af6-48f8-f4c1-6c60-000000000008", "event_data": {"playbook": "hello.yml", "playbook_uuid": "4c7f1881-dd75-46e9-92c8-b6624512263c", "play": "Play - for Alpine's Nodejs app", "play_uuid": "000d3af6-48f8-f4c1-6c60-000000000008", "play_pattern": "app_group", "task": "app is installed", "task_uuid": "000d3af6-48f8-f4c1-6c60-00000000000c", "task_action": "template", "resolved_action": "ansible.builtin.template", "task_args": "", "task_path": "/workspaces/ensf400-lab5-ansible/hello.yml:30", "name": "app is installed", "is_conditional": false, "uuid": "000d3af6-48f8-f4c1-6c60-00000000000c"}}