{"uuid": "6fbd6fc4-0019-46e3-b254-6a863d44d60c", "counter": 53, "stdout": "", "start_line": 37, "end_line": 37, "runner_ident": "980f7b6e-d80a-41ed-bd29-2ef31665d964", "event": "runner_on_start", "pid": 66841, "created": "2024-03-24T23:11:14.395723", "parent_uuid": "000d3af6-48f8-f4c1-6c60-00000000000c", "event_data": {"playbook": "hello.yml", "playbook_uuid": "4c7f1881-dd75-46e9-92c8-b6624512263c", "play": "Play - for Alpine's Nodejs app", "play_uuid": "000d3af6-48f8-f4c1-6c60-000000000008", "play_pattern": "app_group", "task": "app is installed", "task_uuid": "000d3af6-48f8-f4c1-6c60-00000000000c", "task_action": "template", "resolved_action": "ansible.builtin.template", "task_args": "", "task_path": "/workspaces/ensf400-lab5-ansible/hello.yml:30", "host": "managedhost-app-3", "uuid": "6fbd6fc4-0019-46e3-b254-6a863d44d60c"}}