{"uuid": "460e45c4-9f12-4e37-99da-dcfd478f1d4c", "counter": 55, "stdout": "\u001b[0;32mok: [managedhost-app-2]\u001b[0m", "start_line": 38, "end_line": 39, "runner_ident": "980f7b6e-d80a-41ed-bd29-2ef31665d964", "event": "runner_on_ok", "pid": 66841, "created": "2024-03-24T23:11:15.124129", "parent_uuid": "000d3af6-48f8-f4c1-6c60-00000000000c", "event_data": {"playbook": "hello.yml", "playbook_uuid": "4c7f1881-dd75-46e9-92c8-b6624512263c", "play": "Play - for Alpine's Nodejs app", "play_uuid": "000d3af6-48f8-f4c1-6c60-000000000008", "play_pattern": "app_group", "task": "app is installed", "task_uuid": "000d3af6-48f8-f4c1-6c60-00000000000c", "task_action": "template", "resolved_action": "ansible.builtin.template", "task_args": "", "task_path": "/workspaces/ensf400-lab5-ansible/hello.yml:30", "host": "managedhost-app-2", "remote_addr": "managedhost-app-2", "res": {"diff": {"after": {"path": "/node-app/app.js"}, "before": {"path": "/node-app/app.js"}}, "group": "root", "uid": 0, "changed": false, "invocation": {"module_args": {"force": false, "_original_basename": "app.js.j2", "owner": null, "follow": true, "group": null, "unsafe_writes": false, "setype": null, "serole": null, "access_time": null, "state": "file", "dest": "/node-app/app.js", "selevel": null, "access_time_format": "%Y%m%d%H%M.%S", "modification_time": null, "path": "/node-app/app.js", "src": null, "seuser": null, "recurse": false, "_diff_peek": null, "mode": null, "modification_time_format": "%Y%m%d%H%M.%S", "attributes": null}}, "state": "file", "gid": 0, "mode": "0644", "owner": "root", "path": "/node-app/app.js", "size": 231, "checksum": "e1cb1927ca4daece6fb9532d1171f33a0a168797", "dest": "/node-app/app.js", "_ansible_no_log": false}, "start": "2024-03-24T23:11:14.374465", "end": "2024-03-24T23:11:15.123961", "duration": 0.749496, "event_loop": null, "uuid": "460e45c4-9f12-4e37-99da-dcfd478f1d4c"}}