{"uuid": "2f9fc915-b5f1-415b-a3a8-a17cab2d9696", "counter": 59, "stdout": "", "start_line": 42, "end_line": 42, "runner_ident": "980f7b6e-d80a-41ed-bd29-2ef31665d964", "event": "runner_on_start", "pid": 66841, "created": "2024-03-24T23:11:15.189215", "parent_uuid": "000d3af6-48f8-f4c1-6c60-00000000000d", "event_data": {"playbook": "hello.yml", "playbook_uuid": "4c7f1881-dd75-46e9-92c8-b6624512263c", "play": "Play - for Alpine's Nodejs app", "play_uuid": "000d3af6-48f8-f4c1-6c60-000000000008", "play_pattern": "app_group", "task": "app dependencies file is copied", "task_uuid": "000d3af6-48f8-f4c1-6c60-00000000000d", "task_action": "copy", "resolved_action": "ansible.builtin.copy", "task_args": "", "task_path": "/workspaces/ensf400-lab5-ansible/hello.yml:35", "host": "managedhost-app-2", "uuid": "2f9fc915-b5f1-415b-a3a8-a17cab2d9696"}}