{"uuid": "4693eee7-ee6d-4a28-9653-4de08b2ec745", "counter": 62, "stdout": "\u001b[0;32mok: [managedhost-app-3]\u001b[0m", "start_line": 43, "end_line": 44, "runner_ident": "980f7b6e-d80a-41ed-bd29-2ef31665d964", "event": "runner_on_ok", "pid": 66841, "created": "2024-03-24T23:11:15.999342", "parent_uuid": "000d3af6-48f8-f4c1-6c60-00000000000d", "event_data": {"playbook": "hello.yml", "playbook_uuid": "4c7f1881-dd75-46e9-92c8-b6624512263c", "play": "Play - for Alpine's Nodejs app", "play_uuid": "000d3af6-48f8-f4c1-6c60-000000000008", "play_pattern": "app_group", "task": "app dependencies file is copied", "task_uuid": "000d3af6-48f8-f4c1-6c60-00000000000d", "task_action": "copy", "resolved_action": "ansible.builtin.copy", "task_args": "", "task_path": "/workspaces/ensf400-lab5-ansible/hello.yml:35", "host": "managedhost-app-3", "remote_addr": "managedhost-app-3", "res": {"diff": {"after": {"path": "/node-app/package.json"}, "before": {"path": "/node-app/package.json"}}, "group": "root", "uid": 0, "changed": false, "invocation": {"module_args": {"force": false, "_original_basename": "package.json", "owner": null, "follow": true, "group": null, "unsafe_writes": false, "setype": null, "serole": null, "access_time": null, "state": "file", "dest": "/node-app/package.json", "selevel": null, "access_time_format": "%Y%m%d%H%M.%S", "modification_time": null, "path": "/node-app/package.json", "src": null, "seuser": null, "recurse": false, "_diff_peek": null, "mode": null, "modification_time_format": "%Y%m%d%H%M.%S", "attributes": null}}, "state": "file", "gid": 0, "mode": "0644", "owner": "root", "path": "/node-app/package.json", "size": 339, "checksum": "8e5613d62b8512c27bed300a61be3c3737ea743e", "dest": "/node-app/package.json", "_ansible_no_log": false}, "start": "2024-03-24T23:11:15.219159", "end": "2024-03-24T23:11:15.999200", "duration": 0.780041, "event_loop": null, "uuid": "4693eee7-ee6d-4a28-9653-4de08b2ec745"}}