{"uuid": "000d3af6-48f8-f4c1-6c60-00000000000e", "counter": 64, "stdout": "\r\nTASK [app dependencies are installed] ******************************************", "start_line": 45, "end_line": 47, "runner_ident": "980f7b6e-d80a-41ed-bd29-2ef31665d964", "event": "playbook_on_task_start", "pid": 66841, "created": "2024-03-24T23:11:16.055427", "parent_uuid": "000d3af6-48f8-f4c1-6c60-000000000008", "event_data": {"playbook": "hello.yml", "playbook_uuid": "4c7f1881-dd75-46e9-92c8-b6624512263c", "play": "Play - for Alpine's Nodejs app", "play_uuid": "000d3af6-48f8-f4c1-6c60-000000000008", "play_pattern": "app_group", "task": "app dependencies are installed", "task_uuid": "000d3af6-48f8-f4c1-6c60-00000000000e", "task_action": "npm", "resolved_action": "community.general.npm", "task_args": "", "task_path": "/workspaces/ensf400-lab5-ansible/hello.yml:40", "name": "app dependencies are installed", "is_conditional": false, "uuid": "000d3af6-48f8-f4c1-6c60-00000000000e"}}