{"uuid": "f328f3f7-0b2c-4b4c-8c02-08bfbfc4f06d", "counter": 65, "stdout": "", "start_line": 47, "end_line": 47, "runner_ident": "980f7b6e-d80a-41ed-bd29-2ef31665d964", "event": "runner_on_start", "pid": 66841, "created": "2024-03-24T23:11:16.056951", "parent_uuid": "000d3af6-48f8-f4c1-6c60-00000000000e", "event_data": {"playbook": "hello.yml", "playbook_uuid": "4c7f1881-dd75-46e9-92c8-b6624512263c", "play": "Play - for Alpine's Nodejs app", "play_uuid": "000d3af6-48f8-f4c1-6c60-000000000008", "play_pattern": "app_group", "task": "app dependencies are installed", "task_uuid": "000d3af6-48f8-f4c1-6c60-00000000000e", "task_action": "npm", "resolved_action": "community.general.npm", "task_args": "", "task_path": "/workspaces/ensf400-lab5-ansible/hello.yml:40", "host": "managedhost-app-1", "uuid": "f328f3f7-0b2c-4b4c-8c02-08bfbfc4f06d"}}