{"uuid": "b86d850b-e1cb-403c-b530-511d93bcca2c", "counter": 68, "stdout": "\u001b[0;32mok: [managedhost-app-1]\u001b[0m", "start_line": 47, "end_line": 48, "runner_ident": "980f7b6e-d80a-41ed-bd29-2ef31665d964", "event": "runner_on_ok", "pid": 66841, "created": "2024-03-24T23:11:19.597654", "parent_uuid": "000d3af6-48f8-f4c1-6c60-00000000000e", "event_data": {"playbook": "hello.yml", "playbook_uuid": "4c7f1881-dd75-46e9-92c8-b6624512263c", "play": "Play - for Alpine's Nodejs app", "play_uuid": "000d3af6-48f8-f4c1-6c60-000000000008", "play_pattern": "app_group", "task": "app dependencies are installed", "task_uuid": "000d3af6-48f8-f4c1-6c60-00000000000e", "task_action": "npm", "resolved_action": "community.general.npm", "task_args": "", "task_path": "/workspaces/ensf400-lab5-ansible/hello.yml:40", "host": "managedhost-app-1", "remote_addr": "managedhost-app-1", "res": {"invocation": {"module_args": {"ci": false, "name": null, "global": false, "ignore_scripts": false, "no_optional": false, "state": "present", "production": true, "unsafe_perm": false, "no_bin_links": false, "version": null, "path": "/node-app", "executable": null, "registry": null}}, "changed": false, "_ansible_no_log": false}, "start": "2024-03-24T23:11:16.056813", "end": "2024-03-24T23:11:19.597390", "duration": 3.540577, "event_loop": null, "uuid": "b86d850b-e1cb-403c-b530-511d93bcca2c"}}