{"uuid": "0f0e9e1e-ebd6-4f6e-a5db-8706838e800c", "counter": 77, "stdout": "\u001b[0;32mok: [managedhost-app-2]\u001b[0m", "start_line": 54, "end_line": 55, "runner_ident": "980f7b6e-d80a-41ed-bd29-2ef31665d964", "event": "runner_on_ok", "pid": 66841, "created": "2024-03-24T23:11:27.820415", "parent_uuid": "000d3af6-48f8-f4c1-6c60-00000000000f", "event_data": {"playbook": "hello.yml", "playbook_uuid": "4c7f1881-dd75-46e9-92c8-b6624512263c", "play": "Play - for Alpine's Nodejs app", "play_uuid": "000d3af6-48f8-f4c1-6c60-000000000008", "play_pattern": "app_group", "task": "Install forever (to run Node.js app)", "task_uuid": "000d3af6-48f8-f4c1-6c60-00000000000f", "task_action": "npm", "resolved_action": "community.general.npm", "task_args": "", "task_path": "/workspaces/ensf400-lab5-ansible/hello.yml:46", "host": "managedhost-app-2", "remote_addr": "managedhost-app-2", "res": {"invocation": {"module_args": {"ci": false, "name": "forever", "global": true, "ignore_scripts": false, "no_optional": false, "state": "present", "production": false, "unsafe_perm": false, "no_bin_links": false, "version": null, "path": null, "executable": null, "registry": null}}, "changed": false, "_ansible_no_log": false}, "start": "2024-03-24T23:11:19.646048", "end": "2024-03-24T23:11:27.820278", "duration": 8.17423, "event_loop": null, "uuid": "0f0e9e1e-ebd6-4f6e-a5db-8706838e800c"}}