{"uuid": "f1611f24-8ed2-4fdf-af65-e30b4a70ef47", "counter": 8, "stdout": "", "start_line": 5, "end_line": 5, "runner_ident": "980f7b6e-d80a-41ed-bd29-2ef31665d964", "event": "runner_on_start", "pid": 66841, "created": "2024-03-24T23:10:37.653945", "parent_uuid": "000d3af6-48f8-f4c1-6c60-00000000001b", "event_data": {"playbook": "hello.yml", "playbook_uuid": "4c7f1881-dd75-46e9-92c8-b6624512263c", "play": "Play - Handle Files in all hosts", "play_uuid": "000d3af6-48f8-f4c1-6c60-000000000005", "play_pattern": "all", "task": "Gathering Facts", "task_uuid": "000d3af6-48f8-f4c1-6c60-00000000001b", "task_action": "gather_facts", "resolved_action": "ansible.builtin.gather_facts", "task_args": "", "task_path": "/workspaces/ensf400-lab5-ansible/hello.yml:3", "host": "localhost", "uuid": "f1611f24-8ed2-4fdf-af65-e30b4a70ef47"}}