{"uuid": "1a4289f7-8aa0-427f-afb9-fb4beb425036", "counter": 80, "stdout": "", "start_line": 57, "end_line": 57, "runner_ident": "980f7b6e-d80a-41ed-bd29-2ef31665d964", "event": "runner_on_start", "pid": 66841, "created": "2024-03-24T23:11:27.846911", "parent_uuid": "000d3af6-48f8-f4c1-6c60-000000000010", "event_data": {"playbook": "hello.yml", "playbook_uuid": "4c7f1881-dd75-46e9-92c8-b6624512263c", "play": "Play - for Alpine's Nodejs app", "play_uuid": "000d3af6-48f8-f4c1-6c60-000000000008", "play_pattern": "app_group", "task": "Check list of Node.js apps running", "task_uuid": "000d3af6-48f8-f4c1-6c60-000000000010", "task_action": "command", "resolved_action": "ansible.builtin.command", "task_args": "", "task_path": "/workspaces/ensf400-lab5-ansible/hello.yml:52", "host": "managedhost-app-2", "uuid": "1a4289f7-8aa0-427f-afb9-fb4beb425036"}}