{"uuid": "8330eb47-e6ea-4186-80d9-119a9eaa9a9c", "counter": 81, "stdout": "", "start_line": 57, "end_line": 57, "runner_ident": "980f7b6e-d80a-41ed-bd29-2ef31665d964", "event": "runner_on_start", "pid": 66841, "created": "2024-03-24T23:11:27.861666", "parent_uuid": "000d3af6-48f8-f4c1-6c60-000000000010", "event_data": {"playbook": "hello.yml", "playbook_uuid": "4c7f1881-dd75-46e9-92c8-b6624512263c", "play": "Play - for Alpine's Nodejs app", "play_uuid": "000d3af6-48f8-f4c1-6c60-000000000008", "play_pattern": "app_group", "task": "Check list of Node.js apps running", "task_uuid": "000d3af6-48f8-f4c1-6c60-000000000010", "task_action": "command", "resolved_action": "ansible.builtin.command", "task_args": "", "task_path": "/workspaces/ensf400-lab5-ansible/hello.yml:52", "host": "managedhost-app-3", "uuid": "8330eb47-e6ea-4186-80d9-119a9eaa9a9c"}}