{"uuid": "23d2e994-ac6e-44c0-901d-5e0589bbfaeb", "counter": 84, "stdout": "\u001b[0;32mok: [managedhost-app-3]\u001b[0m", "start_line": 59, "end_line": 60, "runner_ident": "980f7b6e-d80a-41ed-bd29-2ef31665d964", "event": "runner_on_ok", "pid": 66841, "created": "2024-03-24T23:11:30.759704", "parent_uuid": "000d3af6-48f8-f4c1-6c60-000000000010", "event_data": {"playbook": "hello.yml", "playbook_uuid": "4c7f1881-dd75-46e9-92c8-b6624512263c", "play": "Play - for Alpine's Nodejs app", "play_uuid": "000d3af6-48f8-f4c1-6c60-000000000008", "play_pattern": "app_group", "task": "Check list of Node.js apps running", "task_uuid": "000d3af6-48f8-f4c1-6c60-000000000010", "task_action": "command", "resolved_action": "ansible.builtin.command", "task_args": "", "task_path": "/workspaces/ensf400-lab5-ansible/hello.yml:52", "host": "managedhost-app-3", "remote_addr": "managedhost-app-3", "res": {"changed": false, "end": "2024-03-24 23:11:30.721952", "stdout": "\u001b[32minfo\u001b[39m:    Forever processes running\n\u001b[90mdata\u001b[39m:    \u001b[37m   \u001b[39m \u001b[37muid\u001b[39m  \u001b[90mcommand\u001b[39m       \u001b[90mscript\u001b[39m           \u001b[37mforever\u001b[39m \u001b[37mpid\u001b[39m \u001b[37mid\u001b[39m \u001b[35mlogfile\u001b[39m                 \u001b[33muptime\u001b[39m                   \n\u001b[90mdata\u001b[39m:    [0] JT5a \u001b[90m/usr/bin/node\u001b[39m \u001b[90m/node-app/app.js\u001b[39m 379     388    \u001b[35m/root/.forever/JT5a.log\u001b[39m \u001b[33m0:2:13:9.534999999999854\u001b[39m ", "cmd": ["forever", "list"], "rc": 0, "start": "2024-03-24 23:11:28.374465", "stderr": "", "delta": "0:00:02.347487", "invocation": {"module_args": {"executable": null, "_uses_shell": false, "expand_argument_vars": true, "strip_empty_ends": true, "_raw_params": "forever list", "removes": null, "argv": null, "creates": null, "chdir": null, "stdin_add_newline": true, "stdin": null}}, "msg": "", "stdout_lines": ["\u001b[32minfo\u001b[39m:    Forever processes running", "\u001b[90mdata\u001b[39m:    \u001b[37m   \u001b[39m \u001b[37muid\u001b[39m  \u001b[90mcommand\u001b[39m       \u001b[90mscript\u001b[39m           \u001b[37mforever\u001b[39m \u001b[37mpid\u001b[39m \u001b[37mid\u001b[39m \u001b[35mlogfile\u001b[39m                 \u001b[33muptime\u001b[39m                   ", "\u001b[90mdata\u001b[39m:    [0] JT5a \u001b[90m/usr/bin/node\u001b[39m \u001b[90m/node-app/app.js\u001b[39m 379     388    \u001b[35m/root/.forever/JT5a.log\u001b[39m \u001b[33m0:2:13:9.534999999999854\u001b[39m "], "stderr_lines": [], "_ansible_no_log": false}, "start": "2024-03-24T23:11:27.861457", "end": "2024-03-24T23:11:30.759555", "duration": 2.898098, "event_loop": null, "uuid": "23d2e994-ac6e-44c0-901d-5e0589bbfaeb"}}