{"uuid": "000d3af6-48f8-f4c1-6c60-000000000011", "counter": 85, "stdout": "\r\nTASK [Start example Node.js app] ***********************************************", "start_line": 60, "end_line": 62, "runner_ident": "980f7b6e-d80a-41ed-bd29-2ef31665d964", "event": "playbook_on_task_start", "pid": 66841, "created": "2024-03-24T23:11:30.769476", "parent_uuid": "000d3af6-48f8-f4c1-6c60-000000000008", "event_data": {"playbook": "hello.yml", "playbook_uuid": "4c7f1881-dd75-46e9-92c8-b6624512263c", "play": "Play - for Alpine's Nodejs app", "play_uuid": "000d3af6-48f8-f4c1-6c60-000000000008", "play_pattern": "app_group", "task": "Start example Node.js app", "task_uuid": "000d3af6-48f8-f4c1-6c60-000000000011", "task_action": "command", "resolved_action": "ansible.builtin.command", "task_args": "", "task_path": "/workspaces/ensf400-lab5-ansible/hello.yml:57", "name": "Start example Node.js app", "is_conditional": false, "uuid": "000d3af6-48f8-f4c1-6c60-000000000011"}}