{"uuid": "cecc7aa7-a707-44f6-bfaf-09b2e9117e9f", "counter": 91, "stdout": "\u001b[0;36mskipping: [managedhost-app-3]\u001b[0m", "start_line": 64, "end_line": 65, "runner_ident": "980f7b6e-d80a-41ed-bd29-2ef31665d964", "event": "runner_on_skipped", "pid": 66841, "created": "2024-03-24T23:11:30.832495", "parent_uuid": "000d3af6-48f8-f4c1-6c60-000000000011", "event_data": {"playbook": "hello.yml", "playbook_uuid": "4c7f1881-dd75-46e9-92c8-b6624512263c", "play": "Play - for Alpine's Nodejs app", "play_uuid": "000d3af6-48f8-f4c1-6c60-000000000008", "play_pattern": "app_group", "task": "Start example Node.js app", "task_uuid": "000d3af6-48f8-f4c1-6c60-000000000011", "task_action": "command", "resolved_action": "ansible.builtin.command", "task_args": "", "task_path": "/workspaces/ensf400-lab5-ansible/hello.yml:57", "host": "managedhost-app-3", "remote_addr": "managedhost-app-3", "start": "2024-03-24T23:11:30.816709", "end": "2024-03-24T23:11:30.832393", "duration": 0.015684, "event_loop": null, "uuid": "cecc7aa7-a707-44f6-bfaf-09b2e9117e9f"}}