{"uuid": "000d3af6-48f8-f4c1-6c60-000000000012", "counter": 92, "stdout": "\r\nPLAY [Install and configure Nginx as a load balancer] **************************", "start_line": 65, "end_line": 67, "runner_ident": "980f7b6e-d80a-41ed-bd29-2ef31665d964", "event": "playbook_on_play_start", "pid": 66841, "created": "2024-03-24T23:11:30.876892", "parent_uuid": "4c7f1881-dd75-46e9-92c8-b6624512263c", "event_data": {"playbook": "hello.yml", "playbook_uuid": "4c7f1881-dd75-46e9-92c8-b6624512263c", "play": "Install and configure Nginx as a load balancer", "play_uuid": "000d3af6-48f8-f4c1-6c60-000000000012", "play_pattern": "localhost", "name": "Install and configure Nginx as a load balancer", "pattern": "localhost", "uuid": "000d3af6-48f8-f4c1-6c60-000000000012"}}