{"uuid": "fe3cb0c2-cd2e-4e05-9d0f-e84fafc0ff08", "counter": 94, "stdout": "", "start_line": 69, "end_line": 69, "runner_ident": "980f7b6e-d80a-41ed-bd29-2ef31665d964", "event": "runner_on_start", "pid": 66841, "created": "2024-03-24T23:11:30.887394", "parent_uuid": "000d3af6-48f8-f4c1-6c60-000000000096", "event_data": {"playbook": "hello.yml", "playbook_uuid": "4c7f1881-dd75-46e9-92c8-b6624512263c", "play": "Install and configure Nginx as a load balancer", "play_uuid": "000d3af6-48f8-f4c1-6c60-000000000012", "play_pattern": "localhost", "task": "Gathering Facts", "task_uuid": "000d3af6-48f8-f4c1-6c60-000000000096", "task_action": "gather_facts", "resolved_action": "ansible.builtin.gather_facts", "task_args": "", "task_path": "/workspaces/ensf400-lab5-ansible/hello.yml:62", "host": "localhost", "uuid": "fe3cb0c2-cd2e-4e05-9d0f-e84fafc0ff08"}}