{"uuid": "9568f4ff-a227-421b-b477-f1026e4f350c", "counter": 97, "stdout": "", "start_line": 72, "end_line": 72, "runner_ident": "980f7b6e-d80a-41ed-bd29-2ef31665d964", "event": "runner_on_start", "pid": 66841, "created": "2024-03-24T23:11:31.670937", "parent_uuid": "000d3af6-48f8-f4c1-6c60-000000000014", "event_data": {"playbook": "hello.yml", "playbook_uuid": "4c7f1881-dd75-46e9-92c8-b6624512263c", "play": "Install and configure Nginx as a load balancer", "play_uuid": "000d3af6-48f8-f4c1-6c60-000000000012", "play_pattern": "localhost", "task": "Install Nginx", "task_uuid": "000d3af6-48f8-f4c1-6c60-000000000014", "task_action": "apt", "resolved_action": "ansible.builtin.apt", "task_args": "", "task_path": "/workspaces/ensf400-lab5-ansible/hello.yml:66", "host": "localhost", "uuid": "9568f4ff-a227-421b-b477-f1026e4f350c"}}