{"uuid": "b33fbe47-8874-4098-8679-84159b25841a", "counter": 98, "stdout": "\u001b[0;32mok: [localhost]\u001b[0m", "start_line": 72, "end_line": 73, "runner_ident": "980f7b6e-d80a-41ed-bd29-2ef31665d964", "event": "runner_on_ok", "pid": 66841, "created": "2024-03-24T23:11:36.595882", "parent_uuid": "000d3af6-48f8-f4c1-6c60-000000000014", "event_data": {"playbook": "hello.yml", "playbook_uuid": "4c7f1881-dd75-46e9-92c8-b6624512263c", "play": "Install and configure Nginx as a load balancer", "play_uuid": "000d3af6-48f8-f4c1-6c60-000000000012", "play_pattern": "localhost", "task": "Install Nginx", "task_uuid": "000d3af6-48f8-f4c1-6c60-000000000014", "task_action": "apt", "resolved_action": "ansible.builtin.apt", "task_args": "", "task_path": "/workspaces/ensf400-lab5-ansible/hello.yml:66", "host": "localhost", "remote_addr": "localhost", "res": {"changed": false, "cache_updated": true, "cache_update_time": 1711321894, "invocation": {"module_args": {"name": "nginx", "update_cache": true, "state": "present", "package": ["nginx"], "update_cache_retries": 5, "update_cache_retry_max_delay": 12, "cache_valid_time": 0, "purge": false, "force": false, "upgrade": null, "dpkg_options": "force-confdef,force-confold", "autoremove": false, "autoclean": false, "fail_on_autoremove": false, "only_upgrade": false, "force_apt_get": false, "clean": false, "allow_unauthenticated": false, "allow_downgrade": false, "allow_change_held_packages": false, "lock_timeout": 60, "deb": null, "default_release": null, "install_recommends": null, "policy_rc_d": null}}, "_ansible_no_log": false}, "start": "2024-03-24T23:11:31.670844", "end": "2024-03-24T23:11:36.595647", "duration": 4.924803, "event_loop": null, "uuid": "b33fbe47-8874-4098-8679-84159b25841a"}}